Player,Age,Tm,Pos,GP,G,A,PTS,+/-,PIM,EVG,PPG,SHG,GWG,EVA,PPA,SHA,S,S%,TOI,ATOI,BLK,HIT,FOW,FOL,FO%,,,
Justin Abdelkader,31,DET,LW,71,6,13,19,-14,38,4,1,1,0,12,1,0,95,6.3,1093,15:24,34,185,52,51,50.5,,,
Pontus Aberg,25,TOT,LW,59,12,13,25,-14,20,9,3,0,1,9,4,0,101,11.9,861,14:36,11,45,2,17,10.5,,,
Vitaly Abramov,20,OTT,RW,1,0,0,0,-3,0,0,0,0,0,0,0,0,0,,14,13:52,1,0,0,0,,,,
Noel Acciari,27,BOS,C,72,6,8,14,-3,47,6,0,0,2,8,0,0,99,6.1,935,12:59,36,221,200,203,49.6,,,
Kenny Agostino,26,TOT,LW,63,6,18,24,-3,34,6,0,0,0,13,5,0,79,7.6,814,12:55,14,143,15,27,35.7,,,
Andrew Agozzino,28,COL,LW,11,1,1,2,2,0,1,0,0,0,1,0,0,11,9.1,86,7:49,3,14,16,22,42.1,,,
Sebastian Aho,21,CAR,C,82,30,53,83,25,26,23,3,4,7,31,21,1,243,12.3,1652,20:09,34,65,585,619,48.6,,,
Mark Alt,27,COL,D,2,0,0,0,0,0,0,0,0,0,0,0,0,2,0,20,9:55,2,0,0,0,,,,
Karl Alzner,30,MTL,D,9,0,1,1,1,2,0,0,0,0,1,0,0,8,0,156,17:18,10,13,0,0,,,,
Michael Amadio,22,LAK,C,43,6,7,13,-1,6,6,0,0,0,7,0,0,37,16.2,439,10:12,13,16,96,127,43,,,
Joey Anderson,20,NJD,RW,34,4,3,7,-7,6,3,0,1,1,3,0,0,49,8.2,439,12:54,11,42,9,8,52.9,,,
Josh Anderson,24,CBJ,RW,82,27,20,47,25,60,22,3,2,5,15,4,1,230,11.7,1396,17:01,40,214,12,26,31.6,,,
Jaret Anderson-Dolan,19,LAK,C,5,0,1,1,-2,0,0,0,0,0,1,0,0,6,0,58,11:36,2,5,4,5,44.4,,,
Lias Andersson,20,NYR,C,42,2,4,6,-13,29,1,0,1,0,4,0,0,41,4.9,450,10:43,8,60,84,106,44.2,,,
Rasmus Andersson,22,CGY,D,79,2,17,19,17,23,2,0,0,0,15,2,0,115,1.7,1267,16:02,83,52,0,0,,,,
Sven Andrighetto,25,COL,RW,64,7,10,17,10,14,7,0,0,1,10,0,0,95,7.4,708,11:04,32,29,3,8,27.3,,,
Artem Anisimov,30,CHI,C,78,15,22,37,-2,14,13,1,1,1,19,3,0,142,10.6,1275,16:21,33,25,332,394,45.7,,,
Mason Appleton,23,WPG,C,36,3,7,10,9,4,3,0,0,1,7,0,0,29,10.3,295,8:12,12,28,0,1,0,,,
Darren Archibald,28,TOT,RW,12,1,1,2,-3,12,1,0,0,0,1,0,0,10,10,89,7:23,4,10,0,1,0,,,
Josh Archibald,26,ARI,RW,68,12,10,22,1,15,12,0,0,1,9,0,1,92,13,923,13:34,39,161,12,25,32.4,,,
Joel Armia,25,MTL,RW,57,13,10,23,0,14,10,2,1,2,6,4,0,134,9.7,900,15:48,21,113,5,24,17.2,,,
Viktor Arvidsson,25,NSH,LW,58,34,14,48,12,26,29,3,2,7,12,1,1,195,17.4,1110,19:09,23,18,2,15,11.8,,,
Zach Aston-Reese,24,PIT,C,43,8,9,17,12,26,7,0,1,1,9,0,0,76,10.5,587,13:39,37,138,8,10,44.4,,,
Andreas Athanasiou,24,DET,C,76,30,24,54,-9,38,27,3,0,4,16,8,0,216,13.9,1290,16:58,26,33,171,228,42.9,,,
Cam Atkinson,29,CBJ,RW,80,41,28,69,3,20,29,8,4,8,22,6,0,295,13.9,1550,19:23,25,27,24,52,31.6,,,
Nicolas Aube-Kubel,22,PHI,RW,9,0,0,0,1,0,0,0,0,0,0,0,0,2,0,50,5:35,0,14,0,0,,,,
David Backes,34,BOS,C,70,7,13,20,0,31,5,2,0,1,8,5,0,129,5.4,913,13:02,30,140,176,133,57,,,
Mikael Backlund,29,CGY,C,77,21,26,47,34,52,19,1,1,4,24,1,1,205,10.2,1378,17:54,26,52,511,520,49.6,,,
Nicklas Backstrom,31,WSH,C,80,22,52,74,2,30,15,7,0,5,34,18,0,169,13,1596,19:57,30,54,700,739,48.6,,,
Sven Baertschi,26,VAN,LW,26,9,5,14,-9,6,6,3,0,0,1,4,0,43,20.9,394,15:08,13,18,1,3,25,,,
Josh Bailey,29,NYI,C,82,16,40,56,8,21,13,2,1,4,28,12,0,126,12.7,1380,16:50,32,19,140,132,51.5,,,
Justin Bailey,23,PHI,RW,11,0,1,1,0,2,0,0,0,0,1,0,0,5,0,63,5:44,5,9,0,0,,,,
Rudolfs Balcers,21,OTT,LW,36,5,9,14,-7,10,2,3,0,1,8,1,0,48,10.4,445,12:21,24,18,1,6,14.3,,,
Ivan Barbashev,23,STL,C,80,14,12,26,-4,17,12,0,2,1,12,0,0,60,23.3,921,11:31,31,86,201,240,45.6,,,
Mark Barberio,28,COL,D,12,1,0,1,-6,4,1,0,0,0,0,0,0,11,9.1,183,15:14,14,13,0,0,,,,
Aleksander Barkov,23,FLA,C,82,35,61,96,-3,8,22,13,0,5,42,18,1,206,17,1833,22:21,61,28,1041,898,53.7,,,
Tyson Barrie,27,COL,D,78,14,45,59,-3,36,12,2,0,2,22,23,0,218,6.4,1699,21:47,93,48,0,0,,,,
Matt Bartkowski,30,MIN,D,2,1,0,1,2,0,1,0,0,0,0,0,0,2,50,21,10:42,1,1,0,0,,,,
Mathew Barzal,21,NYI,C,82,18,44,62,-5,46,15,3,0,3,29,15,0,179,10.1,1470,17:55,56,25,241,339,41.6,,,
Nathan Bastian,21,NJD,RW,7,3,0,3,0,10,3,0,0,0,0,0,0,13,23.1,89,12:41,1,24,3,0,100,,,
Drake Batherson,20,OTT,C,20,3,6,9,-2,6,1,2,0,2,5,1,0,18,16.7,268,13:25,21,17,3,1,75,,,
Gavin Bayreuther,24,DAL,D,19,2,3,5,2,10,2,0,0,0,1,2,0,25,8,346,18:11,19,11,0,0,,,,
Jay Beagle,33,VAN,RW,57,3,10,13,-8,18,2,0,1,0,10,0,0,45,6.7,778,13:39,33,102,426,332,56.2,,,
Jake Bean,20,CAR,D,2,0,0,0,0,2,0,0,0,0,0,0,0,1,0,17,8:28,0,1,0,0,,,,
Nathan Beaulieu,26,TOT,D,48,3,9,12,6,39,3,0,0,0,8,1,0,60,5,744,15:30,42,60,0,0,,,,
Anthony Beauvillier,21,NYI,LW,81,18,10,28,1,8,17,1,0,4,9,1,0,156,11.5,1186,14:39,35,87,26,31,45.6,,,
Matt Beleskey,30,NYR,LW,4,1,0,1,1,5,1,0,0,0,0,0,0,3,33.3,29,7:22,1,7,1,0,100,,,
Pierre-Edouard Bellemare,33,VEG,LW,76,6,9,15,2,6,4,0,2,0,9,0,0,108,5.6,945,12:26,51,71,393,326,54.7,,,
Louis Belpedio,22,MIN,D,2,0,0,0,0,0,0,0,0,0,0,0,0,0,,26,13:08,4,1,0,0,,,,
Jamie Benn,29,DAL,LW,78,27,26,53,14,56,19,8,0,2,23,3,0,189,14.3,1422,18:14,71,142,205,213,49,,,
Jordie Benn,31,MTL,D,81,5,17,22,15,39,5,0,0,1,17,0,0,93,5.4,1474,18:12,128,124,0,0,,,,
Sam Bennett,22,CGY,C,71,13,14,27,-6,93,9,4,0,2,12,2,0,115,11.3,944,13:17,27,121,50,40,55.6,,,
Matt Benning,24,EDM,D,70,5,12,17,11,33,5,0,0,0,10,1,1,94,5.3,1046,14:57,59,109,0,0,,,,
Patrice Bergeron,33,BOS,C,65,32,47,79,23,30,19,9,4,3,26,18,3,205,15.6,1200,18:28,60,43,786,603,56.6,,,
Patrik Berglund,30,BUF,C,23,2,2,4,-5,6,2,0,0,0,2,0,0,25,8,300,13:03,16,25,68,48,58.6,,,
Tyler Bertuzzi,23,DET,LW,73,21,26,47,11,36,18,3,0,4,23,3,0,131,16,1206,16:31,39,76,10,20,33.3,,,
Alex Biega,30,VAN,D,41,2,14,16,0,22,2,0,0,0,13,1,0,91,2.2,725,17:40,43,101,0,0,,,,
Clark Bishop,22,CAR,C,20,1,2,3,-3,6,1,0,0,0,2,0,0,16,6.3,189,9:27,5,39,69,78,46.9,,,
Anthony Bitetto,28,TOT,D,36,0,3,3,-7,12,0,0,0,0,3,0,0,30,0,429,11:56,36,80,0,0,,,,
Anders Bjork,22,BOS,LW,20,1,2,3,-1,2,1,0,0,0,2,0,0,18,5.6,236,11:48,12,9,1,0,100,,,
Oliver Bjorkstrand,23,CBJ,RW,77,23,13,36,8,8,20,3,0,1,13,0,0,161,14.3,950,12:20,34,43,5,8,38.5,,,
Nick Bjugstad,26,TOT,C,64,14,12,26,6,30,12,2,0,2,8,4,0,154,9.1,968,15:07,27,126,262,268,49.4,,,
Colin Blackwell,25,NSH,C,6,0,0,0,-1,2,0,0,0,0,0,0,0,5,0,58,9:44,3,10,13,16,44.8,,,
Sammy Blais,22,STL,LW,32,2,2,4,-1,6,2,0,0,0,2,0,0,27,7.4,315,9:51,12,93,1,1,50,,,
Joseph Blandisi,24,TOT,C,9,0,0,0,-1,6,0,0,0,0,0,0,0,8,0,67,7:27,1,10,0,0,,,,
Anton Blidh,23,BOS,LW,1,0,0,0,0,0,0,0,0,0,0,0,0,0,,14,13:46,1,6,0,0,,,,
Teddy Blueger,24,PIT,C,28,6,4,10,7,15,5,0,1,1,2,0,2,33,18.2,310,11:03,14,52,41,51,44.6,,,
Mikkel Boedker,29,OTT,RW,71,7,28,35,-23,6,5,2,0,1,23,5,0,88,8,996,14:01,28,54,7,11,38.9,,,
Brock Boeser,21,VAN,RW,69,26,30,56,-2,22,20,6,0,3,21,9,0,209,12.4,1322,19:10,22,14,39,51,43.3,,,
Zach Bogosian,28,BUF,D,65,3,16,19,-5,52,2,0,1,0,15,1,0,93,3.2,1406,21:38,116,83,0,0,,,,
Nick Bonino,30,NSH,C,81,17,18,35,27,18,14,3,0,1,17,0,1,118,14.4,1321,16:18,70,24,586,546,51.8,,,
William Borgen,22,BUF,D,4,0,0,0,-5,0,0,0,0,0,0,0,0,2,0,66,16:33,3,12,0,0,,,,
Henrik Borgström,21,FLA,C,50,8,10,18,-14,4,5,3,0,0,6,4,0,54,14.8,600,12:00,12,11,165,240,40.7,,,
Mark Borowiecki,29,OTT,D,53,1,4,5,-12,89,1,0,0,0,4,0,0,59,1.7,825,15:34,93,212,0,0,,,,
Robert Bortuzzo,29,STL,D,59,2,8,10,9,47,2,0,0,0,7,0,1,75,2.7,913,15:28,72,95,0,0,,,,
Evan Bouchard,19,EDM,D,7,1,0,1,-5,2,0,1,0,0,0,0,0,10,10,86,12:21,8,6,0,0,,,,
Reid Boucher,25,VAN,C,1,0,0,0,0,0,0,0,0,0,0,0,0,0,,5,5:28,0,1,0,0,,,,
Gabriel Bourque,28,COL,LW,55,2,6,8,3,10,2,0,0,1,5,0,1,34,5.9,536,9:44,48,100,7,13,35,,,
Jay Bouwmeester,35,STL,D,78,3,14,17,-3,40,3,0,0,1,14,0,0,82,3.7,1617,20:44,127,61,0,0,,,,
Madison Bowey,23,TOT,D,50,2,8,10,-1,46,2,0,0,1,8,0,0,48,4.2,763,15:16,63,72,0,0,,,,
Johnny Boychuk,35,NYI,D,74,3,16,19,10,25,2,1,0,1,13,2,1,157,1.9,1393,18:50,120,144,0,0,,,,
Travis Boyd,25,WSH,C,53,5,15,20,6,6,5,0,0,1,13,2,0,35,14.3,521,9:50,21,13,76,134,36.2,,,
Brian Boyle,34,TOT,C,73,18,6,24,-14,38,10,7,1,4,3,2,1,123,14.6,981,13:26,50,145,170,163,51.1,,,
Tyler Bozak,32,STL,C,72,13,25,38,-3,20,11,2,0,3,19,6,0,141,9.2,1177,16:21,33,52,451,379,54.3,,,
Erik Brannstrom,19,OTT,D,2,0,0,0,0,0,0,0,0,0,0,0,0,0,,36,18:04,1,1,0,0,,,,
Derick Brassard,31,TOT,C,70,14,9,23,-19,39,12,2,0,0,6,3,0,110,12.7,1050,15:00,15,102,283,305,48.1,,,
Jesper Bratt,20,NJD,W,51,8,25,33,-8,6,7,1,0,1,18,7,0,91,8.8,774,15:10,22,36,4,3,57.1,,,
Justin Braun,31,SJS,D,78,2,14,16,-14,35,2,0,0,0,13,1,0,105,1.9,1584,20:18,120,121,0,0,,,,
Connor Brickley,26,NYR,C,14,1,3,4,3,9,1,0,0,0,3,0,0,18,5.6,126,8:59,6,35,0,7,0,,,
Daniel Brickley,23,LAK,D,4,0,1,1,-2,0,0,0,0,0,1,0,0,2,0,51,12:49,4,5,0,0,,,,
Guillaume Brisebois,21,VAN,D,8,0,0,0,-4,0,0,0,0,0,0,0,0,5,0,88,11:01,7,3,0,0,,,,
T.J. Brodie,28,CGY,D,79,9,25,34,29,24,7,1,1,1,22,3,0,102,8.8,1696,21:28,86,21,0,1,0,,,
Jonas Brodin,25,MIN,D,82,4,14,18,-15,30,3,0,1,2,13,1,0,111,3.6,1685,20:33,135,61,0,0,,,,
Kyle Brodziak,34,EDM,C,70,6,3,9,-14,33,5,0,1,2,3,0,0,74,8.1,818,11:42,46,92,399,368,52,,,
Jonny Brodzinski,25,LAK,C,13,2,1,3,0,2,2,0,0,0,1,0,0,17,11.8,129,9:55,7,23,1,1,50,,,
Troy Brouwer,33,FLA,RW,75,12,9,21,-6,47,11,0,1,1,9,0,0,86,14,952,12:41,38,177,19,32,37.3,,,
Connor Brown,25,TOR,RW,82,8,21,29,11,16,8,0,0,0,17,1,3,85,9.4,1131,13:48,37,35,20,31,39.2,,,
Dustin Brown,34,LAK,RW,72,22,29,51,-17,24,12,9,1,3,25,3,1,180,12.2,1469,20:24,29,150,1,16,5.9,,,
J.T. Brown,28,MIN,RW,56,3,5,8,0,29,3,0,0,0,5,0,0,56,5.4,514,9:10,16,99,5,13,27.8,,,
Josh Brown,25,FLA,D,37,1,1,2,-3,28,1,0,0,0,1,0,0,28,3.6,492,13:18,31,80,0,0,,,,
Logan Brown,20,OTT,C,2,0,0,0,-2,0,0,0,0,0,0,0,0,2,0,21,10:31,1,0,2,6,25,,,
Pavel Buchnevich,23,NYR,LW,64,21,17,38,-10,13,14,7,0,1,12,5,0,119,17.6,971,15:10,20,60,7,18,28,,,
Michael Bunting,23,ARI,LW,5,1,0,1,0,2,1,0,0,0,0,0,0,5,20,48,9:33,1,6,0,0,,,,
Andre Burakovsky,23,WSH,LW,76,12,13,25,2,14,11,1,0,4,13,0,0,100,12,846,11:08,29,35,7,13,35,,,
Erik Burgdoerfer,30,OTT,D,4,0,0,0,-1,2,0,0,0,0,0,0,0,2,0,43,10:40,0,16,0,0,,,,
Brent Burns,33,SJS,D,82,16,67,83,13,34,8,7,1,6,42,21,4,300,5.3,2058,25:06:00,105,90,0,1,0,,,
Will Butcher,24,NJD,D,78,4,26,30,-17,18,3,1,0,1,13,13,0,108,3.7,1503,19:16,74,38,0,0,,,,
Chris Butler,32,STL,D,13,1,1,2,3,0,1,0,0,0,1,0,0,10,10,183,14:02,17,17,0,0,,,,
Dustin Byfuglien,33,WPG,D,42,4,27,31,4,69,3,1,0,1,12,15,0,115,3.5,1023,24:22:00,51,77,0,0,,,,
Paul Byron,29,MTL,C,56,15,16,31,16,17,13,0,2,3,14,1,1,94,16,816,14:34,36,114,12,23,34.3,,,
Drake Caggiula,24,TOT,LW,55,12,11,23,-5,28,11,0,1,2,11,0,0,96,12.5,794,14:26,26,135,16,27,37.2,,,
Ryan Callahan,33,TBL,RW,52,7,10,17,7,14,6,1,0,3,9,0,1,76,9.2,579,11:08,25,89,6,15,28.6,,,
Matt Calvert,29,COL,LW,82,11,15,26,-10,58,10,1,0,0,12,1,2,141,7.8,1164,14:12,51,115,40,53,43,,,
Kyle Capobianco,21,ARI,D,2,0,0,0,-2,0,0,0,0,0,0,0,0,1,0,32,16:05,2,2,0,0,,,,
Paul Carey,30,TOT,C,7,0,0,0,0,0,0,0,0,0,0,0,0,4,0,75,10:39,3,3,1,3,25,,,
Brandon Carlo,22,BOS,D,72,2,8,10,22,47,2,0,0,0,6,0,2,116,1.7,1506,20:55,88,134,1,0,100,,,
John Carlson,29,WSH,D,80,13,57,70,21,34,10,3,0,1,27,30,0,185,7,2005,25:04:00,164,54,0,0,,,,
Gabriel Carlsson,22,CBJ,D,1,0,0,0,-1,2,0,0,0,0,0,0,0,1,0,9,9:21,0,0,0,0,,,,
Ryan Carpenter,28,VEG,C,68,5,13,18,-6,8,4,0,1,0,12,0,1,102,4.9,858,12:37,17,126,161,145,52.6,,,
Daniel Carr,27,VEG,LW,6,1,0,1,-1,0,1,0,0,0,0,0,0,11,9.1,59,9:50,3,9,0,0,,,,
Connor Carrick,24,TOT,D,34,2,9,11,-13,19,2,0,0,1,8,1,0,42,4.8,571,16:48,37,25,0,0,,,,
Sam Carrick,26,ANA,C,6,0,1,1,-1,2,0,0,0,0,1,0,0,5,0,61,10:13,2,15,19,18,51.4,,,
Trevor Carrick,24,CAR,D,1,0,0,0,-1,5,0,0,0,0,0,0,0,0,,11,11:29,1,1,0,0,,,,
William Carrier,24,VEG,LW,54,8,1,9,-4,29,8,0,0,1,1,0,0,85,9.4,537,9:57,13,277,0,0,,,,
Jeff Carter,34,LAK,C,76,13,20,33,-20,42,7,5,1,1,11,8,1,174,7.5,1380,18:09,30,80,607,577,51.3,,,
Colby Cave,24,TOT,C,53,3,5,8,-5,16,3,0,0,1,5,0,0,58,5.2,653,12:19,18,73,200,199,50.1,,,
Cody Ceci,25,OTT,D,74,7,19,26,-22,18,7,0,0,2,18,1,0,132,5.3,1670,22:34,142,120,0,0,,,,
Peter Cehlarik,23,BOS,LW,20,4,2,6,3,6,3,1,0,1,2,0,0,30,13.3,252,12:36,7,5,0,5,0,,,
Erik Cernak,21,TBL,D,58,5,11,16,25,58,4,1,0,1,11,0,0,107,4.7,1117,19:15,79,198,0,0,,,,
Thomas Chabot,22,OTT,D,70,14,41,55,-12,32,12,1,1,2,26,15,0,185,7.6,1700,24:17:00,112,71,0,0,,,,
Michael Chaput,26,MTL,C,32,0,5,5,-4,14,0,0,0,0,5,0,0,31,0,359,11:13,17,53,124,120,50.8,,,
Zdeno Chara,41,BOS,D,62,5,9,14,22,57,4,1,0,2,7,2,0,99,5.1,1307,21:05,88,81,0,0,,,,
Rourke Chartier,22,SJS,C,13,1,0,1,-5,2,1,0,0,0,0,0,0,19,5.3,122,9:24,3,14,34,51,40,,,
Jake Chelios,27,DET,D,5,0,0,0,0,2,0,0,0,0,0,0,0,5,0,86,17:12,5,7,0,0,,,,
Ben Chiarot,27,WPG,D,78,5,15,20,6,62,5,0,0,1,14,0,1,111,4.5,1452,18:37,139,171,0,0,,,,
Alex Chiasson,28,EDM,RW,73,22,16,38,-1,32,13,8,1,1,8,7,1,123,17.9,1239,16:58,31,85,7,15,31.8,,,
Filip Chlapik,21,OTT,C,5,1,0,1,-2,4,1,0,0,0,0,0,0,9,11.1,69,13:52,4,1,8,16,33.3,,,
Dennis Cholowski,20,DET,D,52,7,9,16,-20,16,3,4,0,1,4,5,0,71,9.9,949,18:15,50,18,1,0,100,,,
Jakob Chychrun,20,ARI,D,53,5,15,20,-12,28,2,3,0,0,10,5,0,117,4.3,1074,20:15,77,74,0,0,,,,
Filip Chytil,19,NYR,C,75,11,12,23,-22,8,8,3,0,2,8,4,0,133,8.3,1034,13:47,21,29,68,107,38.9,,,
Anthony Cirelli,21,TBL,C,82,19,20,39,25,34,14,0,5,5,18,1,1,123,15.4,1217,14:51,49,94,502,449,52.8,,,
Casey Cizikas,27,NYI,C,73,20,13,33,22,36,18,0,2,3,12,0,1,111,18,1024,14:01,68,129,497,516,49.1,,,
Fredrik Claesson,26,NYR,D,37,2,4,6,3,9,2,0,0,0,3,0,1,44,4.5,638,17:15,33,76,0,0,,,,
Adam Clendening,26,CBJ,D,4,0,0,0,1,0,0,0,0,0,0,0,0,3,0,43,10:39,3,1,0,0,,,,
Kyle Clifford,28,LAK,LW,72,11,10,21,4,96,10,1,0,2,10,0,0,115,9.6,755,10:29,24,115,3,5,37.5,,,
Connor Clifton,23,BOS,D,19,0,1,1,5,15,0,0,0,0,1,0,0,22,0,336,17:42,13,40,0,0,,,,
Cal Clutterbuck,31,NYI,RW,73,8,15,23,6,44,5,3,0,2,14,0,1,95,8.4,1020,13:58,40,209,15,19,44.1,,,
Braydon Coburn,33,TBL,D,74,4,19,23,4,34,4,0,0,0,19,0,0,113,3.5,1192,16:07,62,96,0,0,,,,
Andrew Cogliano,31,TOT,LW,78,6,11,17,1,22,5,1,0,1,11,0,0,106,5.7,982,12:35,32,68,11,18,37.9,,,
Ian Cole,29,COL,D,71,2,13,15,-1,115,2,0,0,0,13,0,0,82,2.4,1403,19:45,178,107,0,0,,,,
Blake Coleman,27,NJD,C,78,22,14,36,-19,71,16,3,3,3,12,0,2,213,10.3,1327,17:01,44,225,109,153,41.6,,,
Blake Comeau,32,DAL,RW,77,7,11,18,-7,42,7,0,0,2,11,0,0,102,6.9,1211,15:44,40,208,25,32,43.9,,,
J.T. Compher,23,COL,LW,66,16,16,32,-8,31,9,4,3,3,11,5,0,118,13.6,1153,17:29,59,33,301,311,49.2,,,
Max Comtois,20,ANA,LW,10,2,5,7,3,7,2,0,0,1,5,0,0,9,22.2,146,14:35,3,27,3,8,27.3,,,
Cory Conacher,29,TBL,LW,1,0,0,0,0,2,0,0,0,0,0,0,0,1,0,9,8:35,0,0,0,0,,,,
Erik Condra,32,DAL,RW,6,1,0,1,-2,2,1,0,0,0,0,0,0,10,10,76,12:41,1,3,0,1,0,,,
Kevin Connauton,28,ARI,D,50,1,7,8,-2,22,1,0,0,0,5,0,2,76,1.3,918,18:21,75,108,0,0,,,,
Brett Connolly,26,WSH,RW,81,22,24,46,13,24,21,1,0,5,23,1,0,139,15.8,1080,13:20,25,53,9,22,29,,,
Kyle Connor,22,WPG,LW,82,34,32,66,-7,18,22,11,1,5,24,8,0,227,15,1579,19:15,21,9,8,5,61.5,,,
Andrew Copp,24,WPG,C,69,11,14,25,20,6,10,0,1,2,14,0,0,82,13.4,839,12:10,34,71,198,160,55.3,,,
Nick Cousins,25,ARI,C,81,7,20,27,-8,35,6,1,0,2,18,2,0,144,4.9,1097,13:33,51,115,243,277,46.7,,,
Logan Couture,29,SJS,C,81,27,43,70,-6,22,19,6,2,3,31,12,0,204,13.2,1506,18:36,52,65,282,327,46.3,,,
Sean Couturier,26,PHI,C,80,33,43,76,2,34,24,8,1,5,34,9,0,223,14.8,1770,22:08,60,40,755,568,57.1,,,
Charlie Coyle,26,TOT,C,81,12,22,34,-1,20,10,1,1,2,19,3,0,155,7.7,1359,16:47,56,77,322,380,45.9,,,
Adam Cracknell,33,ANA,RW,2,0,0,0,-1,0,0,0,0,0,0,0,0,3,0,21,10:26,0,6,0,0,,,,
Sidney Crosby,31,PIT,C,79,35,65,100,18,36,23,12,0,3,46,17,2,220,15.9,1658,21:00,43,85,1012,814,55.4,,,
Lawson Crouse,21,ARI,LW,81,11,14,25,5,67,9,0,2,1,14,0,0,131,8.4,1049,12:57,44,288,24,34,41.4,,,
Matt Cullen,42,PIT,C,71,7,13,20,6,14,5,0,2,2,11,0,2,87,8,817,11:31,31,32,320,320,50,,,
Josh Currie,26,EDM,RW,21,2,3,5,2,2,2,0,0,0,3,0,0,19,10.5,183,8:43,17,39,2,3,40,,,
Austin Czarnik,26,CGY,C,54,6,12,18,-1,8,6,0,0,3,9,3,0,65,9.2,612,11:20,24,10,30,34,46.9,,,
Evgenii Dadonov,29,FLA,RW,82,28,42,70,-6,8,20,8,0,4,33,9,0,195,14.4,1506,18:22,42,33,2,3,40,,,
Rasmus Dahlin,18,BUF,D,82,9,35,44,-13,34,4,5,0,4,20,15,0,177,5.1,1735,21:09,66,97,0,0,,,,
Carl Dahlstrom,24,CHI,D,38,0,6,6,9,6,0,0,0,0,5,0,1,42,0,707,18:36,35,33,0,0,,,,
Michael Dal Colle,22,NYI,LW,28,3,4,7,3,2,3,0,0,2,4,0,0,34,8.8,339,12:07,8,10,0,1,0,,,
Trevor Daley,35,DET,D,44,2,6,8,-3,12,1,0,1,1,6,0,0,47,4.3,817,18:34,53,14,0,0,,,,
Zac Dalpe,29,CBJ,RW,1,0,1,1,1,0,0,0,0,0,1,0,0,1,0,9,9:01,0,0,0,1,0,,,
Phillip Danault,25,MTL,LW,81,12,41,53,17,39,12,0,0,1,35,4,2,132,9.1,1440,17:47,60,95,882,706,55.5,,,
Marko Daňo,24,COL,C,8,0,0,0,-1,7,0,0,0,0,0,0,0,3,0,55,6:53,3,16,0,5,0,,,
Laurent Dauphin,23,ARI,C,1,0,0,0,-1,0,0,0,0,0,0,0,0,2,0,12,12:19,1,0,0,1,0,,,
Brandon Davidson,27,CHI,D,10,0,1,1,-4,15,0,0,0,0,1,0,0,7,0,138,13:48,15,17,0,0,,,,
Calvin de Haan,27,CAR,D,74,1,13,14,1,20,1,0,0,1,13,0,0,102,1,1370,18:31,106,187,0,1,0,,,
Jacob de La Rose,23,DET,LW,60,3,6,9,-13,16,3,0,0,0,6,0,0,55,5.5,686,11:26,29,72,161,219,42.4,,,
Chase De Leo,23,ANA,C,1,0,0,0,1,0,0,0,0,0,0,0,0,4,0,13,12:32,0,1,0,0,,,,
Jean-Sebastien Dea,24,TOT,C,23,4,2,6,0,8,4,0,0,1,2,0,0,29,13.8,236,10:15,12,21,53,51,51,,,
Anthony DeAngelo,23,NYR,D,61,4,26,30,6,77,4,0,0,0,16,10,0,111,3.6,1179,19:20,82,54,0,0,,,,
Alex DeBrincat,21,CHI,RW,82,41,35,76,0,15,28,13,0,3,24,11,0,220,18.6,1451,17:42,26,35,16,19,45.7,,,
Jake Debrusk,22,BOS,LW,68,27,15,42,2,18,19,8,0,4,12,3,0,156,17.3,1099,16:10,24,45,8,30,21.1,,,
Danny DeKeyser,28,DET,D,52,5,15,20,2,39,5,0,0,3,15,0,0,59,8.5,1142,21:58,94,79,0,0,,,,
Michael Del Zotto,28,TOT,D,42,1,9,10,-2,8,1,0,0,0,9,0,0,45,2.2,715,17:02,53,129,0,0,,,,
Dylan DeMelo,25,OTT,D,77,4,18,22,-1,32,4,0,0,0,14,3,1,109,3.7,1485,19:17,130,121,0,0,,,,
Jason Demers,30,ARI,D,35,2,6,8,9,12,2,0,0,2,5,1,0,39,5.1,700,20:00,43,50,0,0,,,,
Travis Dermott,22,TOR,D,64,4,13,17,-5,22,4,0,0,0,13,0,0,98,4.1,1108,17:18,57,100,0,0,,,,
Nicolas Deslauriers,27,MTL,LW,48,2,3,5,-12,22,1,0,1,0,3,0,0,48,4.2,482,10:02,22,135,1,0,100,,,
Phillip Di Giuseppe,25,TOT,LW,24,1,3,4,-3,8,1,0,0,0,3,0,0,31,3.2,243,10:08,9,54,3,2,60,,,
Jason Dickinson,23,DAL,C,67,6,16,22,9,23,6,0,0,2,16,0,0,94,6.4,896,13:22,50,106,201,268,42.9,,,
Brenden Dillon,28,SJS,D,82,1,21,22,19,61,0,0,1,0,21,0,0,71,1.4,1455,17:45,78,201,0,0,,,,
Christian Djoos,24,WSH,D,45,1,9,10,9,4,1,0,0,0,9,0,0,33,3,611,13:34,28,18,0,0,,,,
Max Domi,23,MTL,LW,82,28,44,72,20,80,24,4,0,2,37,7,0,203,13.8,1425,17:23,39,53,447,549,44.9,,,
Ryan Donato,22,TOT,C,56,10,15,25,-15,6,7,3,0,1,10,5,0,139,7.2,767,13:42,21,24,11,17,39.3,,,
Matt Donovan,28,NSH,D,2,0,1,1,0,2,0,0,0,0,1,0,0,1,0,15,7:24,3,0,0,0,,,,
Joonas Donskoi,26,SJS,RW,80,14,23,37,10,10,13,1,0,4,21,2,0,115,12.2,1074,13:25,36,36,1,9,10,,,
Jake Dotchin,24,ANA,D,20,0,1,1,-4,39,0,0,0,0,0,0,1,7,0,236,11:49,16,54,0,0,,,,
Drew Doughty,29,LAK,D,82,8,37,45,-34,44,1,7,0,1,19,17,1,154,5.2,2181,26:36:00,120,168,0,0,,,,
Nic Dowd,28,WSH,C,64,8,14,22,10,20,8,0,0,3,13,0,1,47,17,659,10:18,37,97,245,227,51.9,,,
Justin Dowling,28,DAL,C,11,0,1,1,-4,0,0,0,0,0,1,0,0,9,0,139,12:40,7,11,31,28,52.5,,,
Leon Draisaitl,23,EDM,C,82,50,55,105,2,52,31,16,3,5,42,13,0,231,21.6,1852,22:35,26,57,677,663,50.5,,,
Sheldon Dries,24,COL,C,40,3,3,6,-7,26,2,0,1,0,3,0,0,44,6.8,363,9:04,20,66,66,65,50.4,,,
Jonathan Drouin,23,MTL,LW,81,18,35,53,-8,26,15,3,0,3,22,13,0,190,9.5,1371,16:56,23,55,37,51,42,,,
Dillon Dube,20,CGY,C,25,1,4,5,2,4,1,0,0,0,4,0,0,22,4.5,252,10:04,3,11,16,24,40,,,
Brandon Dubinsky,32,CBJ,C,61,6,8,14,-16,36,6,0,0,0,7,0,1,63,9.5,754,12:21,28,147,427,321,57.1,,,
Pierre-Luc Dubois,20,CBJ,LW,82,27,34,61,16,64,25,2,0,5,27,7,0,174,15.5,1453,17:43,52,115,455,592,43.5,,,
Matt Duchene,28,TOT,C,73,31,39,70,-3,8,25,6,0,1,31,8,0,172,18,1375,18:50,40,28,676,546,55.3,,,
Anthony Duclair,23,TOT,LW,74,19,14,33,-2,14,12,7,0,3,13,1,0,132,14.4,940,12:42,33,32,2,13,13.3,,,
Mathew Dumba,24,MIN,D,32,12,10,22,-5,21,6,6,0,1,4,6,0,93,12.9,748,23:23,43,60,0,0,,,,
Brian Dumoulin,27,PIT,D,76,3,20,23,31,20,3,0,0,0,16,0,4,99,3,1598,21:02,129,141,0,0,,,,
Vince Dunn,22,STL,D,78,12,23,35,14,45,9,3,0,4,18,5,0,150,8,1368,17:32,68,48,0,1,0,,,
Christian Dvorak,22,ARI,C,20,2,5,7,-2,2,1,1,0,1,5,0,0,25,8,288,14:23,7,16,125,101,55.3,,,
Ryan Dzingel,26,TOT,C,78,26,30,56,-9,29,21,5,0,5,24,6,0,159,16.4,1312,16:49,38,54,39,56,41.1,,,
Cody Eakin,27,VEG,C,78,22,19,41,19,16,18,1,3,3,16,3,0,120,18.3,1200,15:23,35,88,479,461,51,,,
Patrick Eaves,34,ANA,RW,7,0,0,0,-4,4,0,0,0,0,0,0,0,6,0,97,13:53,1,14,0,0,,,,
Jordan Eberle,28,NYI,RW,78,19,18,37,-6,17,12,7,0,5,13,5,0,160,11.9,1289,16:32,35,36,9,11,45,,,
Alexander Edler,32,VAN,D,56,10,24,34,3,54,6,4,0,2,10,13,1,128,7.8,1376,24:34:00,166,127,0,0,,,,
Joel Edmundson,25,STL,D,64,2,9,11,8,68,2,0,0,1,9,0,0,102,2,1241,19:23,106,128,0,1,0,,,
Nikolaj Ehlers,22,WPG,LW,62,21,16,37,2,15,19,2,0,4,11,5,0,158,13.3,977,15:46,16,27,1,1,50,,,
Christoffer Ehn,22,DET,C,60,3,6,9,-5,6,2,0,1,1,6,0,0,49,6.1,637,10:37,39,70,84,93,47.5,,,
Jack Eichel,22,BUF,C,77,28,54,82,-11,26,20,8,0,2,36,18,0,303,9.2,1574,20:26,51,70,597,673,47,,,
Aaron Ekblad,22,FLA,D,82,13,24,37,1,47,8,5,0,1,19,5,0,180,7.2,1939,23:39,88,114,0,0,,,,
Mattias Ekholm,28,NSH,D,80,8,36,44,27,47,6,2,0,3,29,5,2,146,5.5,1869,23:22,107,68,0,0,,,,
Oliver Ekman-Larsson,27,ARI,D,81,14,30,44,-16,52,8,5,1,2,14,14,2,176,8,1915,23:38,52,162,0,0,,,,
Remi Elie,23,BUF,LW,16,0,1,1,-3,2,0,0,0,0,1,0,0,9,0,166,10:21,3,30,1,0,100,,,
Lars Eller,29,WSH,C,81,13,23,36,-1,37,12,0,1,1,18,3,2,163,8,1339,16:32,47,69,543,566,49,,,
Stefan Elliott,28,OTT,D,3,0,1,1,1,0,0,0,0,0,1,0,0,3,0,27,8:59,1,2,0,0,,,,
Ryan Ellis,28,NSH,D,82,7,34,41,21,20,5,1,1,2,30,4,0,149,4.7,1969,24:01:00,154,71,0,0,,,,
Deryk Engelland,36,VEG,D,74,2,10,12,-3,18,2,0,0,1,10,0,0,105,1.9,1471,19:53,152,165,0,0,,,,
Andreas Englund,23,OTT,D,3,0,0,0,-2,10,0,0,0,0,0,0,0,2,0,40,13:20,2,5,0,0,,,,
Tyler Ennis,29,TOR,C,51,12,6,18,-6,2,10,2,0,1,3,3,0,81,14.8,507,9:56,14,49,1,0,100,,,
Jonathan Ericsson,34,DET,D,52,3,2,5,-10,35,3,0,0,1,2,0,0,48,6.3,895,17:13,56,98,0,0,,,,
Loui Eriksson,33,VAN,LW,81,11,18,29,-11,22,10,1,0,2,16,2,0,107,10.3,1139,14:04,28,3,2,4,33.3,,,
Joel Eriksson Ek,22,MIN,C,58,7,7,14,-7,20,7,0,0,2,7,0,0,111,6.3,783,13:30,24,117,247,293,45.7,,,
Adam Erne,23,TBL,LW,65,7,13,20,10,40,5,2,0,3,13,0,0,70,10,686,10:33,26,159,11,12,47.8,,,
Robby Fabbri,23,STL,C,32,2,4,6,-4,6,2,0,0,1,4,0,0,43,4.7,405,12:39,8,30,4,10,28.6,,,
Dante Fabbro,20,NSH,D,4,1,0,1,-1,0,1,0,0,0,0,0,0,5,20,51,12:44,6,3,0,0,,,,
Radek Faksa,25,DAL,C,81,15,15,30,-3,54,13,1,1,1,12,2,1,114,13.2,1331,16:26,65,103,570,562,50.4,,,
Justin Falk,30,OTT,D,10,0,0,0,-4,11,0,0,0,0,0,0,0,7,0,129,12:56,9,36,0,0,,,,
Oscar Fantenberg,27,TOT,D,61,2,2,4,3,17,2,0,0,0,2,0,0,70,2.9,976,16:00,74,91,0,0,,,,
Jesper Fast,27,NYR,RW,66,8,12,20,-3,26,8,0,0,1,12,0,0,80,10,1038,15:43,47,120,7,13,35,,,
Justin Faulk,26,CAR,D,82,11,24,35,9,47,5,6,0,3,20,4,0,217,5.1,1839,22:25,121,156,0,0,,,,
Taylor Fedun,30,DAL,D,54,4,7,11,2,14,4,0,0,0,4,2,1,86,4.7,748,13:51,58,19,0,0,,,,
Eric Fehr,33,MIN,RW,72,7,8,15,-8,30,7,0,0,0,7,0,1,67,10.4,795,11:03,48,40,364,345,51.3,,,
Micheal Ferland,26,CAR,LW,71,17,23,40,13,58,11,6,0,3,16,7,0,156,10.9,1001,14:06,19,182,23,50,31.5,,,
Kevin Fiala,22,TOT,LW,83,13,26,39,-23,36,11,2,0,2,17,9,0,174,7.5,1298,15:38,20,42,3,5,37.5,,,
Valtteri Filppula,34,NYI,C,72,17,14,31,19,16,16,0,1,4,14,0,0,78,21.8,1028,14:16,34,12,398,413,49.1,,,
Christian Fischer,21,ARI,RW,71,11,7,18,-13,27,11,0,0,0,7,0,0,116,9.5,935,13:10,19,124,2,5,28.6,,,
Haydn Fleury,22,CAR,D,20,0,1,1,4,2,0,0,0,0,1,0,0,17,0,251,12:32,21,25,0,0,,,,
Warren Foegele,22,CAR,LW,77,10,5,15,-17,20,10,0,0,3,5,0,0,106,9.4,962,12:30,19,126,10,11,47.6,,,
Steven Fogarty,25,NYR,C,10,0,0,0,-1,0,0,0,0,0,0,0,0,9,0,78,7:46,3,6,8,19,29.6,,,
Marcus Foligno,27,MIN,LW,82,7,12,19,-1,55,7,0,0,0,10,1,1,91,7.7,982,11:58,43,206,13,15,46.4,,,
Nick Foligno,31,CBJ,LW,73,17,18,35,12,44,15,2,0,2,16,2,0,141,12.1,1292,17:42,51,175,133,102,56.6,,,
Christian Folin,27,TOT,D,45,0,6,6,6,27,0,0,0,0,6,0,0,47,0,705,15:40,78,125,1,0,100,,,
Derek Forbort,26,LAK,D,81,2,12,14,-13,52,2,0,0,1,12,0,0,75,2.7,1680,20:45,139,105,0,1,0,,,
Alex Formenton,19,OTT,LW,9,1,0,1,-2,6,1,0,0,0,0,0,0,16,6.3,105,11:40,7,11,1,2,33.3,,,
Jakob Forsbacka Karlsson,22,BOS,C,28,3,6,9,1,2,3,0,0,0,5,1,0,21,14.3,330,11:48,9,14,95,131,42,,,
Filip Forsberg,24,NSH,C,64,28,22,50,8,26,19,7,2,4,19,3,0,217,12.9,1191,18:37,29,100,1,6,14.3,,,
Gustav Forsling,22,CHI,D,43,3,6,9,-9,30,3,0,0,0,6,0,0,57,5.3,735,17:05,38,38,0,0,,,,
Alexandre Fortin,21,CHI,LW,24,3,3,6,-6,2,2,0,1,1,3,0,0,29,10.3,254,10:35,7,21,11,6,64.7,,,
Cam Fowler,27,ANA,D,59,5,18,23,-14,20,4,1,0,2,12,5,1,88,5.7,1379,23:22,91,32,0,0,,,,
Trent Frederic,20,BOS,C,15,0,0,0,-4,15,0,0,0,0,0,0,0,19,0,141,9:24,3,18,41,40,50.6,,,
Mark Friedman,23,PHI,D,1,0,0,0,-1,0,0,0,0,0,0,0,0,1,0,13,12:33,0,1,0,0,,,,
Tanner Fritz,27,NYI,C,8,0,1,1,-3,2,0,0,0,0,1,0,0,6,0,87,10:49,6,18,17,24,41.5,,,
Martin Frk,25,DET,RW,30,1,5,6,-9,4,0,1,0,0,5,0,0,28,3.6,276,9:11,4,35,0,0,,,,
Michael Frolik,30,CGY,LW,65,16,18,34,24,26,14,0,2,4,18,0,0,132,12.1,868,13:22,22,57,13,25,34.2,,,
Kurtis Gabriel,25,NJD,RW,22,2,2,4,0,59,2,0,0,1,2,0,0,7,28.6,162,7:22,8,78,0,0,,,,
Sam Gagner,29,TOT,C,32,6,7,13,-6,14,5,1,0,1,7,0,0,68,8.8,467,14:35,7,21,59,59,50,,,
Alex Galchenyuk,24,ARI,C,72,19,22,41,-19,34,10,9,0,4,10,12,0,159,11.9,1133,15:44,34,62,188,223,45.7,,,
Brendan Gallagher,26,MTL,RW,82,33,19,52,10,49,29,4,0,4,16,3,0,302,10.9,1345,16:24,31,126,23,28,45.1,,,
Joseph Gambardella,25,EDM,C,15,0,3,3,2,2,0,0,0,0,3,0,0,7,0,122,8:06,5,14,3,1,75,,,
Dylan Gambrell,22,SJS,C,8,0,0,0,1,2,0,0,0,0,0,0,0,6,0,69,8:38,1,13,20,19,51.3,,,
Jake Gardiner,28,TOR,D,62,3,27,30,19,26,3,0,0,0,22,5,0,78,3.8,1315,21:13,64,61,0,1,0,,,
Conor Garland,22,ARI,RW,47,13,5,18,1,12,9,4,0,2,3,2,0,118,11,601,12:47,17,33,10,8,55.6,,,
Jason Garrison,34,EDM,D,17,1,0,1,1,8,0,1,0,0,0,0,0,16,6.3,216,12:42,23,13,0,0,,,,
Adam Gaudette,22,VAN,C,56,5,7,12,-8,18,5,0,0,1,5,2,0,55,9.1,613,10:57,15,48,150,221,40.4,,,
Frederick Gaudreau,25,NSH,C,55,3,1,4,1,2,3,0,0,1,1,0,0,43,7,496,9:01,18,25,156,167,48.3,,,
Johnny Gaudreau,25,CGY,LW,82,36,63,99,18,24,30,6,0,8,42,21,0,245,14.7,1646,20:04,12,12,1,2,33.3,,,
Brendan Gaunce,24,VAN,C,3,1,2,3,3,0,1,0,0,1,2,0,0,2,50,23,7:37,0,4,8,5,61.5,,,
Cameron Gaunce,28,TBL,D,2,0,0,0,3,7,0,0,0,0,0,0,0,2,0,31,15:40,1,4,0,0,,,,
Frederik Gauthier,23,TOR,C,70,3,11,14,3,12,3,0,0,0,11,0,0,46,6.5,586,8:22,28,98,240,207,53.7,,,
Timothy Gettinger,20,NYR,LW,4,0,0,0,0,0,0,0,0,0,0,0,0,2,0,30,7:31,3,15,0,0,,,,
Ryan Getzlaf,33,ANA,C,67,14,34,48,-19,58,13,1,0,2,24,10,0,133,10.5,1304,19:28,74,150,551,463,54.3,,,
Brian Gibbons,30,TOT,C,64,8,11,19,-5,20,8,0,0,0,11,0,0,50,16,699,10:55,29,40,13,25,34.2,,,
Brandon Gignac,21,NJD,C,1,0,0,0,-2,0,0,0,0,0,0,0,0,1,0,9,9:04,1,0,0,0,,,,
Dennis Gilbert,22,CHI,D,1,0,0,0,0,2,0,0,0,0,0,0,0,0,,13,12:46,1,6,0,0,,,,
John Gilmour,25,NYR,D,5,0,0,0,-3,4,0,0,0,0,0,0,0,9,0,80,16:05,13,3,0,0,,,,
Stephen Gionta,35,NYI,C,5,0,0,0,-4,0,0,0,0,0,0,0,0,4,0,44,8:47,2,14,20,17,54.1,,,
Mark Giordano,35,CGY,D,78,17,57,74,39,69,10,3,4,2,37,18,2,221,7.7,1891,24:14:00,144,58,0,0,,,,
Samuel Girard,20,COL,D,82,4,23,27,8,6,4,0,0,0,14,9,0,116,3.4,1631,19:54,90,65,1,0,100,,,
Dan Girardi,34,TBL,D,62,4,12,16,6,12,4,0,0,0,11,0,1,75,5.3,1104,17:48,108,151,0,0,,,,
Zemgus Girgensons,25,BUF,C,72,5,13,18,-11,17,5,0,0,0,13,0,0,78,6.4,980,13:37,29,144,28,41,40.6,,,
Claude Giroux,31,PHI,LW,82,22,63,85,9,24,19,2,1,4,42,21,0,229,9.6,1759,21:27,19,28,674,489,58,,,
Ben Gleason,20,DAL,D,4,0,1,1,-1,0,0,0,0,0,1,0,0,2,0,60,14:53,1,2,0,0,,,,
Luke Glendening,29,DET,C,78,10,13,23,2,15,9,0,1,1,11,0,2,102,9.8,1231,15:47,102,198,658,524,55.7,,,
Nikolay Goldobin,23,VAN,LW,63,7,20,27,-10,18,6,1,0,1,11,8,1,105,6.7,944,14:59,21,15,0,0,,,,
Alex Goligoski,33,ARI,D,76,3,24,27,-7,16,2,1,0,0,16,6,2,102,2.9,1582,20:49,154,79,1,0,100,,,
Cody Goloubef,29,OTT,D,5,0,0,0,0,2,0,0,0,0,0,0,0,3,0,54,10:49,5,13,0,0,,,,
Barclay Goodrow,25,SJS,RW,82,7,10,17,4,76,6,0,1,3,10,0,0,84,8.3,903,11:01,68,125,296,255,53.7,,,
Shayne Gostisbehere,25,PHI,D,78,9,28,37,-20,22,5,4,0,2,18,10,0,180,5,1533,19:40,102,46,0,0,,,,
Tyrell Goulbourne,25,PHI,LW,2,0,0,0,0,0,0,0,0,0,0,0,0,3,0,15,7:25,0,6,0,0,,,,
Yanni Gourde,27,TBL,C,80,22,26,48,9,66,16,5,1,5,21,4,1,130,16.9,1267,15:50,30,83,151,132,53.4,,,
Michael Grabner,31,ARI,RW,41,9,7,16,-2,8,3,0,6,1,4,0,3,65,13.8,590,14:23,15,28,5,7,41.7,,,
Markus Granlund,25,VAN,C,77,12,10,22,-4,20,10,2,0,1,8,1,1,123,9.8,1158,15:03,24,46,149,199,42.8,,,
Mikael Granlund,26,TOT,C,79,16,38,54,-8,24,12,2,2,5,20,18,0,189,8.5,1449,18:21,40,46,129,159,44.8,,,
Derek Grant,28,TOT,C,56,4,10,14,-6,14,4,0,0,1,9,0,1,74,5.4,654,11:41,29,92,271,244,52.6,,,
Kevin Gravel,26,EDM,D,36,0,3,3,-2,4,0,0,0,0,3,0,0,44,0,530,14:43,53,31,0,0,,,,
Ryan Graves,23,COL,D,26,3,2,5,4,2,3,0,0,0,2,0,0,26,11.5,289,11:06,51,32,0,0,,,,
Anthony Greco,25,FLA,RW,1,0,0,0,-3,0,0,0,0,0,0,0,0,2,0,10,9:30,0,0,0,0,,,,
Mike Green,33,DET,D,43,5,21,26,-1,28,5,0,0,0,18,3,0,92,5.4,932,21:41,56,60,0,0,,,,
Andy Greene,36,NJD,D,82,5,20,25,-9,16,5,0,0,0,14,2,4,104,4.8,1708,20:50,208,67,0,0,,,,
Jordan Greenway,21,MIN,LW,81,12,12,24,-12,29,12,0,0,0,12,0,0,109,11,1104,13:38,40,57,31,50,38.3,,,
A.J. Greer,22,COL,LW,15,1,1,2,-2,14,1,0,0,0,1,0,0,9,11.1,94,6:16,5,20,2,3,40,,,
Rocco Grimaldi,25,NSH,C,53,5,8,13,-2,10,5,0,0,0,8,0,0,81,6.2,530,10:00,20,32,4,3,57.1,,,
Carl Grundstrom,21,LAK,RW,15,5,1,6,-4,6,5,0,0,1,0,1,0,26,19.2,225,14:58,3,38,0,0,,,,
Eric Gryba,30,NJD,D,10,0,0,0,-1,10,0,0,0,0,0,0,0,11,0,153,15:18,16,21,0,0,,,,
Matt Grzelcyk,25,BOS,D,66,3,15,18,9,68,2,1,0,0,10,5,0,90,3.3,1263,19:08,60,46,0,0,,,,
Radko Gudas,28,PHI,D,77,4,16,20,6,63,4,0,0,0,16,0,0,136,2.9,1376,17:53,133,255,0,0,,,,
Erik Gudbranson,27,TOT,D,76,2,8,10,-20,87,2,0,0,1,7,0,1,94,2.1,1386,18:14,84,184,0,0,,,,
Jake Guentzel,24,PIT,C,82,40,36,76,13,26,33,6,1,4,31,5,0,227,17.6,1587,19:21,47,105,10,20,33.3,,,
Brendan Guhle,21,TOT,D,8,0,1,1,-2,4,0,0,0,0,1,0,0,15,0,120,15:01,7,9,0,0,,,,
Carl Gunnarsson,32,STL,D,25,3,4,7,8,6,3,0,0,1,3,0,1,21,14.3,398,15:56,35,11,0,0,,,,
Denis Gurianov,21,DAL,RW,21,1,3,4,-3,0,1,0,0,0,2,1,0,23,4.3,228,10:52,9,23,1,1,50,,,
Erik Gustafsson,26,CHI,D,79,17,43,60,-6,34,13,4,0,3,29,14,0,160,10.6,1784,22:35,115,100,0,0,,,,
Carl Hagelin,30,TOT,LW,58,5,14,19,7,30,5,0,0,2,14,0,0,99,5.1,854,14:44,20,64,6,21,22.2,,,
Robert Hagg,23,PHI,D,82,5,15,20,-3,63,5,0,0,1,15,0,0,86,5.8,1390,16:57,158,258,0,0,,,,
Ron Hainsey,37,TOR,D,81,5,18,23,30,21,4,0,1,0,18,0,0,81,6.2,1641,20:15,144,91,1,0,100,,,
Libor Hajek,20,NYR,D,5,1,0,1,1,6,1,0,0,0,0,0,0,10,10,83,16:32,3,5,0,0,,,,
Micheal Haley,32,TOT,C,43,2,4,6,-2,75,2,0,0,0,4,0,0,34,5.9,348,8:05,16,76,13,17,43.3,,,
Taylor Hall,27,NJD,LW,33,11,26,37,-6,16,10,1,0,3,15,11,0,113,9.7,650,19:41,29,22,26,32,44.8,,,
Dan Hamhuis,36,NSH,D,57,0,5,5,-2,28,0,0,0,0,5,0,0,39,0,915,16:03,61,38,0,0,,,,
Dougie Hamilton,25,CAR,D,82,18,21,39,0,54,16,2,0,2,16,5,0,259,6.9,1613,19:40,91,160,0,1,0,,,
Travis Hamonic,28,CGY,D,69,7,12,19,21,33,6,0,1,1,10,0,2,128,5.5,1440,20:52,167,44,0,1,0,,,
Noah Hanifin,22,CGY,D,80,5,28,33,18,12,3,1,1,2,23,4,1,116,4.3,1662,20:46,83,87,0,0,,,,
Joel Hanley,27,DAL,D,16,0,0,0,0,2,0,0,0,0,0,0,0,9,0,219,13:42,16,16,0,0,,,,
Markus Hannikainen,25,CBJ,LW,44,4,3,7,-5,2,4,0,0,1,3,0,0,52,7.7,417,9:29,8,63,0,3,0,,,
Martin Hanzal,31,DAL,C,7,1,1,2,-4,4,0,1,0,0,1,0,0,14,7.1,90,12:52,4,14,45,31,59.2,,,
Ben Harpur,24,OTT,D,51,1,4,5,-13,56,1,0,0,0,4,0,0,50,2,899,17:37,69,89,0,0,,,,
Scott Harrington,25,CBJ,D,73,2,15,17,6,23,2,0,0,0,15,0,0,54,3.7,952,13:03,81,73,0,0,,,,
Ryan Hartman,24,TOT,RW,83,12,14,26,1,74,12,0,0,2,14,0,0,145,8.3,1089,13:07,39,107,4,12,25,,,
Garnet Hathaway,27,CGY,RW,76,11,8,19,14,56,9,0,2,5,8,0,0,77,14.3,800,10:32,36,200,7,8,46.7,,,
Erik Haula,27,VEG,LW,15,2,5,7,1,10,2,0,0,0,4,1,0,26,7.7,249,16:35,6,11,78,74,51.3,,,
Jayce Hawryluk,23,FLA,C,42,7,5,12,-8,16,7,0,0,0,4,1,0,35,20,396,9:26,25,101,14,5,73.7,,,
John Hayden,23,CHI,C,54,3,2,5,-12,27,3,0,0,0,2,0,0,42,7.1,495,9:10,23,97,7,22,24.1,,,
Kevin Hayes,26,TOT,RW,71,19,36,55,-2,12,14,3,2,2,27,8,1,156,12.2,1298,18:17,15,58,483,498,49.2,,,
Dillon Heatherington,23,DAL,D,5,0,1,1,4,0,0,0,0,0,1,0,0,5,0,51,10:11,2,6,0,0,,,,
Victor Hedman,28,TBL,D,70,12,42,54,24,44,10,2,0,4,18,23,1,182,6.6,1594,22:46,97,59,0,1,0,,,
Tim Heed,28,SJS,D,37,2,11,13,9,10,1,1,0,0,9,2,0,41,4.9,532,14:22,31,16,0,0,,,,
Danton Heinen,23,BOS,C,77,11,23,34,13,16,10,1,0,2,17,6,0,114,9.6,1076,13:58,36,54,2,10,16.7,,,
Miro Heiskanen,19,DAL,D,82,12,21,33,-14,16,10,2,0,4,14,6,1,182,6.6,1895,23:07,71,34,0,0,,,,
Darren Helm,32,DET,C,61,7,10,17,-11,20,6,0,1,0,7,0,3,107,6.5,889,14:35,26,50,16,20,44.4,,,
Matt Hendricks,37,TOT,C,26,0,3,3,-2,19,0,0,0,0,3,0,0,23,0,230,8:50,8,40,42,35,54.5,,,
Adam Henrique,28,ANA,C,82,18,24,42,-5,24,10,8,0,3,18,5,1,122,14.8,1349,16:27,71,78,571,511,52.8,,,
Tomas Hertl,25,SJS,C,77,35,39,74,5,18,23,11,1,5,34,4,1,176,19.9,1465,19:01,64,53,609,574,51.5,,,
Joe Hicketts,22,DET,D,11,0,0,0,-9,0,0,0,0,0,0,0,0,16,0,204,18:35,27,17,0,0,,,,
Thomas Hickey,29,NYI,D,40,0,4,4,5,33,0,0,0,0,3,0,1,47,0,740,18:30,71,40,0,0,,,,
Vinnie Hinostroza,24,ARI,C,72,16,23,39,-4,14,13,3,0,3,21,2,0,152,10.5,1099,15:16,41,69,39,64,37.9,,,
Roope Hintz,22,DAL,LW,58,9,13,22,-11,24,6,3,0,3,10,3,0,99,9.1,815,14:03,36,87,217,183,54.3,,,
Taro Hirose,22,DET,LW,10,1,6,7,0,2,1,0,0,1,5,1,0,15,6.7,153,15:18,9,1,1,0,100,,,
Nico Hischier,20,NJD,C,69,17,30,47,0,24,14,3,0,3,22,8,0,160,10.6,1249,18:06,44,53,437,529,45.2,,,
Niklas Hjalmarsson,31,ARI,D,82,0,10,10,8,44,0,0,0,0,8,0,2,57,0,1615,19:42,187,45,0,0,,,,
Joshua Ho-Sang,23,NYI,C,10,1,1,2,2,6,1,0,0,0,1,0,0,10,10,145,14:31,3,0,0,1,0,,,
Mike Hoffman,29,FLA,C,82,36,34,70,-24,30,19,17,0,6,16,18,0,253,14.2,1463,17:50,26,42,13,25,34.2,,,
Nick Holden,31,VEG,D,61,3,12,15,5,14,3,0,0,0,10,0,2,77,3.9,1116,18:18,76,104,0,0,,,,
Justin Holl,27,TOR,D,11,0,1,1,-5,2,0,0,0,0,1,0,0,6,0,137,12:29,5,9,0,0,,,,
Korbinian Holzer,30,ANA,D,22,1,3,4,5,8,1,0,0,0,3,0,0,15,6.7,353,16:04,38,61,0,0,,,,
Julius Honka,23,DAL,D,29,0,4,4,-2,10,0,0,0,0,4,0,0,38,0,398,13:43,31,16,0,1,0,,,
Patric Hornqvist,32,PIT,RW,69,18,19,37,-3,26,12,6,0,2,13,6,0,197,9.1,1068,15:29,34,150,9,9,50,,,
Bo Horvat,23,VAN,C,82,27,34,61,-4,33,18,7,2,3,22,11,1,227,11.9,1709,20:50,63,62,1083,935,53.7,,,
Brett Howden,20,NYR,C,66,6,17,23,-16,14,6,0,0,1,15,2,0,74,8.1,986,14:56,47,64,353,376,48.4,,,
Filip Hronek,21,DET,D,46,5,18,23,-10,30,4,1,0,0,13,4,1,73,6.8,918,19:58,32,66,0,0,,,,
Jonathan Huberdeau,25,FLA,C,82,30,62,92,-14,40,19,11,0,5,39,23,0,226,13.3,1546,18:51,45,57,12,7,63.2,,,
Charles Hudon,24,MTL,LW,32,3,2,5,-9,16,3,0,0,0,1,1,0,50,6,374,11:40,9,73,4,5,44.4,,,
Quinn Hughes,19,VAN,D,5,0,3,3,0,2,0,0,0,0,1,2,0,6,0,90,18:05,1,1,0,0,,,,
Brad Hunt,30,TOT,D,42,5,7,12,-2,8,1,4,0,1,3,4,0,75,6.7,625,14:53,28,18,0,0,,,,
Dryden Hunt,23,FLA,LW,31,3,7,10,0,8,3,0,0,0,7,0,0,53,5.7,343,11:04,9,65,0,3,0,,,
Matt Hunwick,33,BUF,D,14,0,2,2,-7,4,0,0,0,0,2,0,0,10,0,220,15:41,9,6,0,0,,,,
Ben Hutton,25,VAN,D,69,5,15,20,-23,43,4,1,0,1,7,7,1,114,4.4,1543,22:21,102,55,0,0,,,,
Tomas Hyka,25,VEG,RW,17,1,3,4,-2,2,1,0,0,0,1,2,0,22,4.5,200,11:46,5,6,1,1,50,,,
Zach Hyman,26,TOR,C,71,21,20,41,16,65,20,0,1,4,20,0,0,144,14.6,1227,17:17,39,102,112,126,47.1,,,
Alex Iafallo,25,LAK,C,82,15,18,33,-17,22,13,2,0,2,14,4,0,148,10.1,1380,16:50,54,87,7,17,29.2,,,
Matt Irwin,31,NSH,D,44,1,6,7,5,38,1,0,0,0,6,0,0,50,2,497,11:18,37,80,0,0,,,,
Joshua Jacobs,22,NJD,D,1,0,0,0,-1,0,0,0,0,0,0,0,0,1,0,15,14:54,1,2,0,0,,,,
Mark Jankowski,24,CGY,C,79,14,18,32,6,12,9,0,5,1,15,0,3,99,14.1,1004,12:42,56,30,426,394,52,,,
Mattias Janmark,26,DAL,C,81,6,19,25,-4,24,6,0,0,0,17,1,1,105,5.7,1233,15:13,44,28,10,16,38.5,,,
Calle Jarnkrok,27,NSH,C,79,10,16,26,13,12,8,1,1,1,15,1,0,106,9.4,1219,15:26,22,56,166,165,50.2,,,
Christian Jaros,22,OTT,D,61,1,9,10,-14,27,1,0,0,0,7,2,0,65,1.5,876,14:22,82,110,0,0,,,,
Dmitrij Jaskin,25,WSH,RW,37,2,6,8,-5,6,2,0,0,0,6,0,0,48,4.2,373,10:05,14,87,0,3,0,,,
Boone Jenner,25,CBJ,C,77,16,22,38,6,42,14,1,1,3,20,2,0,170,9.4,1314,17:04,70,158,626,531,54.1,,,
Nick Jensen,28,TOT,D,80,2,18,20,4,21,2,0,0,0,17,0,1,94,2.1,1588,19:51,105,82,0,0,,,,
Jakub Jerabek,27,STL,D,1,0,0,0,-3,2,0,0,0,0,0,0,0,1,0,8,7:52,1,0,0,0,,,,
Ryan Johansen,26,NSH,C,80,14,50,64,7,42,13,0,1,6,33,16,1,136,10.3,1564,19:33,23,95,782,679,53.5,,,
Marcus Johansson,28,TOT,C,58,13,17,30,-16,8,11,2,0,1,10,7,0,115,11.3,924,15:55,24,28,16,34,32,,,
Adam Johnson,24,PIT,C,6,0,2,2,2,0,0,0,0,0,2,0,0,3,0,32,5:18,3,11,0,0,,,,
Erik Johnson,30,COL,D,80,7,18,25,8,38,7,0,0,1,18,0,0,144,4.9,1745,21:49,143,124,0,0,,,,
Jack Johnson,32,PIT,D,82,1,12,13,-4,41,0,1,0,0,9,1,2,86,1.2,1581,19:17,147,233,0,0,,,,
Luke Johnson,24,CHI,C,15,0,1,1,-8,8,0,0,0,0,0,1,0,19,0,162,10:49,9,31,51,55,48.1,,,
Tyler Johnson,28,TBL,C,80,29,18,47,15,28,27,1,1,4,11,7,0,163,17.8,1276,15:57,32,50,230,243,48.6,,,
Andreas Johnsson,24,TOR,LW,73,20,23,43,14,32,17,3,0,3,20,3,0,130,15.4,998,13:40,36,60,7,12,36.8,,,
Ross Johnston,24,NYI,LW,17,1,3,4,3,23,1,0,0,0,3,0,0,12,8.3,135,7:55,1,43,0,1,0,,,
Henri Jokiharju,19,CHI,D,38,0,12,12,-7,16,0,0,0,0,11,1,0,62,0,721,18:59,37,48,0,0,,,,
Caleb Jones,21,EDM,D,17,1,5,6,-9,6,1,0,0,0,4,1,0,21,4.8,337,19:48,18,20,0,0,,,,
Max Jones,20,ANA,LW,30,2,3,5,-1,14,2,0,0,1,2,1,0,58,3.4,395,13:10,5,30,1,2,33.3,,,
Seth Jones,24,CBJ,D,75,9,37,46,1,28,9,0,0,4,24,10,3,184,4.9,1937,25:49:00,133,106,0,0,,,,
Mathieu Joseph,21,TBL,RW,70,13,13,26,5,26,13,0,0,1,11,0,2,95,13.7,795,11:22,14,129,10,24,29.4,,,
Roman Josi,28,NSH,D,82,15,41,56,9,42,13,2,0,4,30,10,1,274,5.5,2064,25:10:00,144,53,0,1,0,,,
Tyson Jost,20,COL,C,70,11,15,26,-2,14,7,4,0,3,14,1,0,114,9.6,910,13:00,35,48,55,91,37.7,,,
Noah Juulsen,21,MTL,D,21,1,4,5,5,6,1,0,0,0,4,0,0,22,4.5,359,17:07,39,60,0,0,,,,
Nazem Kadri,28,TOR,C,73,16,28,44,-2,43,12,4,0,5,19,9,0,184,8.7,1182,16:11,13,85,403,327,55.2,,,
Dominik Kahun,23,CHI,C,82,13,24,37,10,6,12,1,0,2,23,1,0,137,9.5,1160,14:09,27,13,22,39,36.1,,,
Vladislav Kamenev,22,COL,LW,23,2,3,5,-2,10,0,1,1,0,3,0,0,22,9.1,208,9:02,4,20,59,59,50,,,
David Kampf,24,CHI,C,63,4,15,19,-6,14,4,0,0,0,15,0,0,72,5.6,877,13:55,30,39,276,333,45.3,,,
Steven Kampfer,30,BOS,D,35,3,3,6,-6,22,2,1,0,0,2,1,0,40,7.5,512,14:38,32,44,0,0,,,,
Evander Kane,27,SJS,LW,75,30,26,56,-4,153,24,5,1,1,19,6,1,268,11.2,1381,18:25,25,173,92,120,43.4,,,
Patrick Kane,30,CHI,RW,81,44,66,110,2,22,35,9,0,7,45,21,0,341,12.9,1822,22:29,18,21,1,4,20,,,
Kasperi Kapanen,22,TOR,RW,78,20,24,44,12,27,17,1,2,3,22,2,0,174,11.5,1296,16:37,19,92,5,4,55.6,,,
Erik Karlsson,28,SJS,D,53,3,42,45,6,22,1,2,0,1,24,18,0,169,1.8,1298,24:29:00,69,44,1,1,50,,,
Melker Karlsson,28,SJS,C,79,12,4,16,-1,26,12,0,0,2,4,0,0,79,15.2,908,11:30,39,67,14,12,53.8,,,
William Karlsson,26,VEG,C,82,24,32,56,1,16,16,7,1,5,23,7,2,169,14.2,1545,18:51,55,51,588,646,47.6,,,
Ondrej Kase,23,ANA,RW,30,11,9,20,0,2,10,1,0,2,6,3,0,94,11.7,470,15:39,11,17,9,18,33.3,,,
Zack Kassian,28,EDM,RW,79,15,11,26,-6,102,14,0,1,3,11,0,0,111,13.5,1169,14:48,15,191,0,6,0,,,
Brady Keeper,22,FLA,D,1,0,0,0,1,0,0,0,0,0,0,0,0,1,0,13,12:40,1,2,0,0,,,,
Duncan Keith,35,CHI,D,82,6,34,40,13,70,6,0,0,1,30,3,1,141,4.3,1887,23:01,144,42,0,0,,,,
Clayton Keller,20,ARI,C,82,14,33,47,-21,24,13,1,0,5,15,18,0,200,7,1495,18:14,21,16,28,56,33.3,,,
Adrian Kempe,22,LAK,LW,81,12,16,28,-10,50,12,0,0,2,12,4,0,118,10.2,1175,14:30,21,86,315,424,42.6,,,
Mario Kempe,30,ARI,C,52,4,5,9,5,18,4,0,0,0,5,0,0,57,7,582,11:11,30,105,126,203,38.3,,,
Michal Kempny,28,WSH,D,71,6,19,25,24,60,6,0,0,3,19,0,0,111,5.4,1362,19:11,135,84,0,0,,,,
Alexander Kerfoot,24,COL,C,78,15,27,42,-9,38,11,4,0,1,15,12,0,116,12.9,1161,14:53,29,22,274,215,56,,,
Ryan Kesler,34,ANA,C,60,5,3,8,-19,44,4,1,0,1,1,2,0,86,5.8,990,16:30,56,93,582,463,55.7,,,
Phil Kessel,31,PIT,RW,82,27,55,82,-19,28,15,12,0,10,31,24,0,215,12.6,1474,17:59,18,12,4,5,44.4,,,
Jujhar Khaira,24,EDM,LW,60,3,15,18,-12,43,2,0,1,0,14,0,1,64,4.7,754,12:34,33,123,55,71,43.7,,,
Alex Killorn,29,TBL,C,82,18,22,40,22,45,15,2,1,2,18,3,1,153,11.8,1220,14:52,23,88,2,8,20,,,
Bogdan Kiselevich,28,FLA,D,32,0,8,8,-3,12,0,0,0,0,8,0,0,14,0,475,14:51,21,49,0,0,,,,
Oscar Klefbom,25,EDM,D,61,5,23,28,-11,16,4,1,0,2,13,10,0,167,3,1463,23:59,102,44,0,0,,,,
John Klingberg,26,DAL,D,64,10,35,45,6,12,5,5,0,5,20,15,0,153,6.5,1570,24:32:00,77,42,0,0,,,,
Justin Kloos,25,ANA,C,1,0,0,0,0,0,0,0,0,0,0,0,0,2,0,7,7:04,0,2,0,0,,,,
Corban Knight,28,PHI,C,23,1,3,4,-5,0,1,0,0,0,3,0,0,15,6.7,223,9:41,13,9,63,58,52.1,,,
Slater Koekkoek,24,TOT,D,31,2,4,6,4,14,2,0,0,0,4,0,0,36,5.6,491,15:50,48,54,0,0,,,,
Mikko Koivu,35,MIN,C,48,8,21,29,-2,22,6,2,0,0,10,10,1,89,9,878,18:18,32,13,488,406,54.6,,,
Leo Komarov,32,NYI,C,82,6,20,26,18,42,6,0,0,1,20,0,0,78,7.7,1139,13:53,38,203,84,100,45.7,,,
Travis Konecny,21,PHI,C,82,24,25,49,-4,40,20,4,0,3,21,4,0,182,13.2,1251,15:16,45,65,7,15,31.8,,,
Anze Kopitar,31,LAK,C,81,22,38,60,-20,30,19,1,2,3,20,18,0,156,14.1,1807,22:18,66,59,1002,817,55.1,,,
Kalle Kossila,25,ANA,LW,8,1,0,1,-1,4,1,0,0,1,0,0,0,11,9.1,82,10:18,3,5,30,28,51.7,,,
Jesperi Kotkaniemi,18,MTL,C,79,11,23,34,1,26,10,1,0,2,19,4,0,134,8.2,1086,13:44,41,66,359,426,45.7,,,
Ilya Kovalchuk,35,LAK,LW,64,16,18,34,-26,10,12,4,0,1,13,5,0,141,11.3,1039,16:14,19,28,16,20,44.4,,,
Chris Kreider,27,NYR,C,79,28,24,52,4,57,21,7,0,2,19,5,0,201,13.9,1375,17:24,49,159,27,45,37.5,,,
David Krejci,32,BOS,C,81,20,53,73,7,16,14,6,0,4,43,10,0,139,14.4,1432,17:41,24,28,530,565,48.4,,,
Niklas Kronwall,38,DET,D,79,3,24,27,-5,40,2,1,0,0,17,7,0,71,4.2,1576,19:57,96,84,0,0,,,,
Torey Krug,27,BOS,D,64,6,47,53,-2,33,4,2,0,2,19,28,0,151,4,1363,21:18,60,53,0,0,,,,
Marcus Kruger,28,CHI,C,74,4,8,12,-2,30,4,0,0,2,7,0,1,74,5.4,771,10:25,34,51,188,203,48.1,,,
Nikita Kucherov,25,TBL,RW,82,41,87,128,24,62,26,15,0,8,54,33,0,246,16.7,1637,19:58,31,44,0,3,0,,,
Ryan Kuffner,22,DET,LW,10,0,0,0,-4,0,0,0,0,0,0,0,0,8,0,109,10:56,5,4,0,2,0,,,
Karson Kuhlman,23,BOS,C,11,3,2,5,5,2,3,0,0,1,2,0,0,15,20,134,12:09,4,6,1,0,100,,,
Tom Kuhnhackl,27,NYI,RW,36,4,5,9,1,10,4,0,0,0,4,0,1,30,13.3,457,12:41,41,48,0,2,0,,,
Dean Kukan,25,CBJ,D,25,0,5,5,6,6,0,0,0,0,5,0,0,16,0,337,13:28,21,16,0,0,,,,
Brett Kulak,25,MTL,D,57,6,11,17,12,31,5,0,1,3,11,0,0,102,5.9,1017,17:51,64,107,0,0,,,,
Dmitry Kulikov,28,WPG,D,57,0,6,6,4,47,0,0,0,0,6,0,0,40,0,893,15:40,71,88,0,0,,,,
Luke Kunin,21,MIN,C,49,6,11,17,-9,27,6,0,0,1,10,1,0,88,6.8,778,15:53,34,67,88,112,44,,,
Chris Kunitz,39,CHI,LW,56,5,5,10,-7,23,5,0,0,1,5,0,0,44,11.4,507,9:04,15,85,2,5,28.6,,,
Janne Kuokkanen,20,CAR,C,7,0,0,0,-2,4,0,0,0,0,0,0,0,6,0,76,10:55,3,0,0,0,,,,
Sean Kuraly,26,BOS,C,71,8,13,21,6,38,8,0,0,3,13,0,0,134,6,978,13:46,35,129,285,245,53.8,,,
Evgeny Kuznetsov,26,WSH,C,76,21,51,72,7,50,13,8,0,3,36,15,0,193,10.9,1428,18:47,20,46,396,627,38.7,,,
Oliver Kylington,21,CGY,D,38,3,5,8,3,10,3,0,0,1,5,0,0,21,14.3,472,12:25,41,11,0,0,,,,
Jordan Kyrou,20,STL,C,16,1,2,3,-1,4,1,0,0,0,2,0,0,16,6.3,155,9:40,3,2,2,0,100,,,
Joel L'Esperance,23,DAL,RW,18,2,0,2,-4,6,1,1,0,0,0,0,0,24,8.3,220,12:15,4,22,26,30,46.4,,,
Kevin Labanc,23,SJS,RW,82,17,39,56,-1,36,15,2,0,4,21,18,0,130,13.1,1150,14:01,16,66,9,14,39.1,,,
Andrew Ladd,33,NYI,LW,26,3,8,11,3,16,3,0,0,0,7,0,1,34,8.8,360,13:51,8,37,2,3,40,,,
Paul Ladue,26,LAK,D,33,2,3,5,0,12,2,0,0,1,3,0,0,33,6.1,436,13:13,25,51,0,0,,,,
Patrik Laine,20,WPG,RW,82,30,20,50,-24,42,15,15,0,3,12,8,0,245,12.2,1413,17:14,44,70,11,19,36.7,,,
Maxime Lajoie,21,OTT,D,56,7,8,15,-25,20,3,4,0,0,4,4,0,79,8.9,1059,18:54,82,34,0,0,,,,
Juho Lammikko,23,FLA,RW,40,0,6,6,-7,6,0,0,0,0,5,0,1,39,0,437,10:56,21,45,142,190,42.8,,,
Gabriel Landeskog,26,COL,LW,73,34,41,75,17,51,24,10,0,9,24,17,0,243,14,1544,21:09,64,120,360,333,51.9,,,
Nick Lappin,26,NJD,RW,11,0,0,0,-6,0,0,0,0,0,0,0,0,11,0,151,13:41,3,16,5,1,83.3,,,
Dylan Larkin,22,DET,C,76,32,41,73,-6,75,23,7,2,4,32,8,1,287,11.1,1660,21:51,38,80,865,722,54.5,,,
Adam Larsson,26,EDM,D,82,3,17,20,-28,44,3,0,0,0,16,0,1,117,2.6,1773,21:37,128,256,0,0,,,,
Jacob Larsson,21,ANA,D,49,0,5,5,-4,16,0,0,0,0,5,0,0,57,0,839,17:07,59,41,0,1,0,,,
Johan Larsson,26,BUF,LW,73,6,8,14,-8,37,5,0,1,0,8,0,0,79,7.6,1043,14:18,44,112,503,490,50.7,,,
Brian Lashoff,28,DET,D,4,0,1,1,-1,2,0,0,0,0,1,0,0,2,0,55,13:40,4,3,0,0,,,,
Scott Laughton,24,PHI,C,82,12,20,32,-11,53,12,0,0,1,18,0,2,130,9.2,1218,14:51,46,146,344,291,54.2,,,
Jeremy Lauzon,21,BOS,D,16,1,0,1,-1,2,1,0,0,1,0,0,0,11,9.1,249,15:32,15,15,0,0,,,,
Curtis Lazar,23,CGY,C,1,0,0,0,-1,0,0,0,0,0,0,0,0,0,,5,4:48,1,0,3,1,75,,,
Nick Leddy,27,NYI,D,82,4,22,26,0,18,4,0,0,0,12,10,0,116,3.4,1767,21:33,89,77,0,0,,,,
Anders Lee,28,NYI,C,82,28,23,51,20,58,18,10,0,5,17,6,0,204,13.7,1401,17:05,51,103,75,80,48.4,,,
Artturi Lehkonen,23,MTL,LW,82,11,20,31,10,32,11,0,0,4,20,0,0,176,6.3,1276,15:33,39,120,5,14,26.3,,,
Jori Lehtera,31,PHI,C,27,1,2,3,-7,33,1,0,0,0,2,0,0,17,5.9,246,9:07,7,29,79,67,54.1,,,
Brendan Leipsic,24,TOT,LW,62,7,16,23,-14,24,6,1,0,1,13,3,0,92,7.6,855,13:47,28,56,7,6,53.8,,,
Josh Leivo,25,TOT,LW,76,14,10,24,5,32,11,3,0,2,6,4,0,151,9.3,1066,14:02,23,44,15,26,36.6,,,
Brendan Lemieux,22,TOT,LW,63,12,5,17,6,108,12,0,0,1,5,0,0,67,17.9,570,9:03,31,129,7,13,35,,,
Kris Letang,31,PIT,D,65,16,40,56,13,48,13,2,1,3,22,17,1,206,7.8,1687,25:58:00,111,116,0,0,,,,
Mark Letestu,33,CBJ,C,2,0,0,0,-1,0,0,0,0,0,0,0,0,1,0,19,9:20,0,3,5,1,83.3,,,
Vinni Lettieri,23,NYR,C,27,1,2,3,-7,14,0,1,0,0,1,1,0,40,2.5,274,10:09,11,41,7,6,53.8,,,
Tyler Lewington,24,WSH,D,2,1,1,2,3,7,1,0,0,0,1,0,0,3,33.3,28,13:48,1,4,0,0,,,,
Trevor Lewis,32,LAK,C,44,3,9,12,-9,9,3,0,0,1,9,0,0,87,3.4,617,14:01,25,53,57,67,46,,,
Oscar Lindberg,27,TOT,C,55,9,11,20,4,28,9,0,0,0,10,1,0,91,9.9,686,12:28,27,104,101,122,45.3,,,
Oskar Lindblom,22,PHI,LW,81,17,16,33,-9,20,15,2,0,2,15,1,0,162,10.5,1113,13:45,52,68,3,7,30,,,
Esa Lindell,24,DAL,D,82,11,21,32,14,33,5,4,2,1,18,3,0,132,8.3,1995,24:20:00,161,143,0,0,,,,
Ryan Lindgren,20,NYR,D,5,0,0,0,-6,8,0,0,0,0,0,0,0,8,0,73,14:35,9,11,0,0,,,,
Anton Lindholm,24,COL,D,2,0,0,0,-1,0,0,0,0,0,0,0,0,0,,14,7:11,1,1,0,0,,,,
Elias Lindholm,24,CGY,C,81,27,51,78,30,20,17,9,1,5,31,17,3,182,14.8,1623,20:02,39,82,509,428,54.3,,,
Hampus Lindholm,25,ANA,D,76,6,22,28,-5,44,5,1,0,0,16,5,1,125,4.8,1824,24:00:00,133,81,0,0,,,,
Par Lindholm,27,TOT,C,65,1,12,13,5,18,1,0,0,0,12,0,0,65,1.5,738,11:21,55,58,204,203,50.1,,,
Bryan Little,31,WPG,RW,82,15,26,41,-12,26,11,4,0,5,21,3,2,126,11.9,1298,15:50,29,62,526,476,52.5,,,
Blake Lizotte,21,LAK,C,1,0,0,0,-1,0,0,0,0,0,0,0,0,1,0,11,11:12,1,0,4,4,50,,,
Ryan Lomberg,24,CGY,LW,4,0,0,0,0,17,0,0,0,0,0,0,0,1,0,28,6:59,0,12,0,0,,,,
Ben Lovejoy,34,TOT,D,71,2,7,9,-1,37,2,0,0,0,7,0,0,95,2.1,1213,17:05,118,76,0,0,,,,
Adam Lowry,25,WPG,LW,78,12,11,23,6,33,11,0,1,3,9,0,2,105,11.4,1142,14:38,49,223,643,473,57.6,,,
Milan Lucic,30,EDM,LW,79,6,14,20,-9,91,4,2,0,0,12,2,0,74,8.1,1046,13:14,22,259,25,20,55.6,,,
Matt Luff,21,LAK,RW,33,8,3,11,-2,9,7,1,0,2,3,0,0,45,17.8,367,11:07,19,17,1,3,25,,,
Isac Lundestrom,19,ANA,C,15,0,2,2,-1,2,0,0,0,0,2,0,0,13,0,195,13:02,5,4,21,43,32.8,,,
Ilya Lyubushkin,24,ARI,D,41,0,4,4,-9,13,0,0,0,0,4,0,0,27,0,563,13:44,61,150,0,0,,,,
Olli Maatta,24,PIT,D,60,1,13,14,9,12,0,1,0,1,10,3,0,74,1.4,1115,18:35,116,97,0,0,,,,
Kurtis MacDermid,24,LAK,D,11,0,1,1,-1,11,0,0,0,0,1,0,0,5,0,103,9:21,4,26,0,0,,,,
Andrew MacDonald,32,PHI,D,47,0,9,9,-5,18,0,0,0,0,7,0,2,41,0,771,16:24,95,30,0,0,,,,
Jacob MacDonald,25,FLA,D,2,1,0,1,1,0,1,0,0,0,0,0,0,1,100,24,12:03,1,1,0,0,,,,
Mackenzie MacEachern,24,STL,LW,29,3,2,5,0,10,3,0,0,1,2,0,0,33,9.1,233,8:02,4,49,0,0,,,,
Zack MacEwen,22,VAN,C,4,0,1,1,-4,5,0,0,0,0,1,0,0,2,0,29,7:11,1,4,0,1,0,,,
Derek MacKenzie,37,FLA,C,1,0,0,0,0,0,0,0,0,0,0,0,0,0,,3,2:43,0,0,2,1,66.7,,,
Nathan MacKinnon,23,COL,C,82,41,58,99,20,34,29,12,0,6,33,25,0,365,11.2,1812,22:05,31,54,518,666,43.8,,,
Saku Maenalanen,24,CAR,RW,34,4,4,8,0,20,4,0,0,0,4,0,0,36,11.1,321,9:26,10,45,6,15,28.6,,,
Josh Mahura,20,ANA,D,17,1,4,5,0,4,1,0,0,0,1,3,0,20,5,243,14:18,18,6,0,0,,,,
Denis Malgin,22,FLA,C,50,7,9,16,-10,14,7,0,0,0,8,1,0,66,10.6,644,12:53,21,40,36,56,39.1,,,
Evgeni Malkin,32,PIT,C,68,21,51,72,-25,89,12,9,0,5,34,17,0,187,11.2,1279,18:48,33,54,381,452,45.7,,,
Brad Malone,29,EDM,C,16,0,0,0,0,4,0,0,0,0,0,0,0,13,0,143,8:57,5,35,32,40,44.4,,,
Maxim Mamin,24,FLA,C,7,0,0,0,-2,5,0,0,0,0,0,0,0,8,0,51,7:21,1,10,0,1,0,,,
Andrew Mangiapane,22,CGY,LW,44,8,5,13,11,12,8,0,0,1,5,0,0,65,12.3,464,10:33,17,43,6,3,66.7,,,
Brandon Manning,28,TOT,D,39,2,2,4,-15,25,2,0,0,0,2,0,0,33,6.1,579,14:50,40,63,0,0,,,,
Josh Manson,27,ANA,D,74,3,13,16,-8,62,3,0,0,0,12,0,1,96,3.1,1651,22:18,90,184,0,0,,,,
Anthony Mantha,24,DET,RW,67,25,23,48,-8,30,18,7,0,1,17,6,0,198,12.6,1194,17:50,23,67,22,28,44,,,
Brad Marchand,30,BOS,LW,79,36,64,100,15,96,23,10,3,9,36,24,4,231,15.6,1550,19:37,19,46,45,60,42.9,,,
Jonathan Marchessault,28,VEG,C,82,25,34,59,2,52,20,5,0,6,23,11,0,278,9,1488,18:09,22,98,92,155,37.2,,,
Martin Marincin,26,TOR,D,24,1,4,5,-4,12,1,0,0,0,4,0,0,34,2.9,365,15:12,21,21,0,1,0,,,
Patrick Marleau,39,TOR,C,82,16,21,37,-6,28,12,4,0,3,15,6,0,161,9.9,1340,16:21,41,74,104,99,51.2,,,
Mitch Marner,21,TOR,RW,82,26,68,94,22,22,22,3,1,5,48,18,2,233,11.2,1625,19:49,43,29,7,5,58.3,,,
Cooper Marody,22,EDM,C,6,0,0,0,-1,0,0,0,0,0,0,0,0,6,0,41,6:55,0,0,9,17,34.6,,,
Pat Maroon,30,STL,LW,74,10,18,28,-3,64,8,2,0,3,9,9,0,118,8.5,1049,14:10,7,135,2,3,40,,,
Danick Martel,24,TBL,LW,9,0,2,2,3,8,0,0,0,0,2,0,0,16,0,92,10:11,1,12,1,1,50,,,
Matt Martin,29,NYI,LW,67,6,8,14,5,53,6,0,0,1,8,0,0,62,9.7,766,11:26,42,275,6,9,40,,,
Alec Martinez,31,LAK,D,60,4,14,18,-2,8,4,0,0,2,12,2,0,78,5.1,1282,21:22,135,78,0,0,,,,
Jordan Martinook,26,CAR,LW,82,15,10,25,1,38,14,0,1,5,10,0,0,146,10.3,1188,14:29,46,199,150,191,44,,,
Andreas Martinsen,28,CHI,LW,24,1,3,4,-5,14,1,0,0,0,3,0,0,21,4.8,190,7:56,9,83,3,4,42.9,,,
Mike Matheson,24,FLA,D,75,8,19,27,-24,44,8,0,0,2,11,6,2,129,6.2,1674,22:19,132,63,0,1,0,,,
Auston Matthews,21,TOR,C,68,37,36,73,-9,12,25,12,0,5,28,8,0,251,14.7,1262,18:33,60,28,475,436,52.1,,,
Scott Mayfield,26,NYI,D,79,4,15,19,18,68,3,0,1,0,15,0,0,104,3.8,1480,18:44,159,118,0,1,0,,,
Charlie McAvoy,21,BOS,D,54,7,21,28,14,45,6,1,0,3,19,1,1,79,8.9,1197,22:10,91,92,0,0,,,,
Jake McCabe,25,BUF,D,59,4,10,14,-4,35,3,0,1,0,10,0,0,64,6.3,1118,18:57,99,103,0,1,0,,,
Jared McCann,22,TOT,C,78,19,16,35,-1,31,14,1,4,2,14,2,0,150,12.7,1133,14:32,51,77,275,320,46.2,,,
Max McCormick,26,OTT,LW,14,1,0,1,-6,4,1,0,0,0,0,0,0,12,8.3,105,7:30,6,21,0,1,0,,,
Ian McCoshen,23,FLA,D,19,1,1,2,-2,8,1,0,0,0,1,0,0,15,6.7,253,13:19,13,41,0,0,,,,
Connor McDavid,22,EDM,C,78,41,75,116,3,20,31,9,1,9,50,24,1,240,17.1,1781,22:50,30,39,428,490,46.6,,,
Ryan McDonagh,29,TBL,D,82,9,37,46,38,34,9,0,0,1,31,3,3,128,7,1811,22:05,161,98,0,0,,,,
Brock McGinn,24,CAR,LW,82,10,16,26,10,20,9,0,1,0,16,0,0,123,8.1,1173,14:19,38,137,26,35,42.6,,,
Jamie McGinn,30,FLA,LW,19,4,3,7,-5,6,3,1,0,1,3,0,0,23,17.4,203,10:41,3,34,1,0,100,,,
Dylan McIlrath,26,DET,D,7,0,0,0,2,4,0,0,0,0,0,0,0,6,0,106,15:11,7,19,0,0,,,,
Greg McKegg,26,CAR,C,41,6,5,11,-2,8,6,0,0,1,5,0,0,27,22.2,437,10:40,18,30,146,140,51,,,
Cody McLeod,34,TOT,LW,38,1,0,1,-13,67,1,0,0,0,0,0,0,22,4.5,246,6:29,10,112,0,1,0,,,
Michael McLeod,20,NJD,C,21,0,3,3,-8,13,0,0,0,0,3,0,0,21,0,256,12:12,4,41,70,62,53,,,
Brayden McNabb,28,VEG,D,81,4,12,16,11,52,4,0,0,1,11,0,1,84,4.8,1578,19:29,139,200,0,0,,,,
Adam McQuaid,32,TOT,D,50,3,4,7,2,42,3,0,0,1,3,0,1,28,10.7,789,15:47,88,122,0,0,,,,
Wade Megan,28,DET,C,11,0,1,1,-4,2,0,0,0,0,1,0,0,16,0,87,7:53,4,4,28,23,54.9,,,
Jaycob Megna,26,ANA,D,28,1,3,4,-1,12,1,0,0,0,3,0,0,31,3.2,407,14:32,29,32,0,0,,,,
Timo Meier,22,SJS,RW,78,30,36,66,9,55,24,6,0,2,31,4,1,250,12,1324,16:58,40,99,12,26,31.6,,,
Dakota Mermis,25,ARI,D,1,0,0,0,1,0,0,0,0,0,0,0,0,0,,11,11:20,0,0,0,0,,,,
Jonathon Merrill,26,VEG,D,57,3,12,15,16,53,2,0,1,0,12,0,0,72,4.2,1019,17:53,72,71,0,0,,,,
Victor Mete,20,MTL,D,71,0,13,13,17,6,0,0,0,0,13,0,0,65,0,1262,17:46,95,21,0,0,,,,
Marc Methot,33,DAL,D,9,0,0,0,-3,6,0,0,0,0,0,0,0,3,0,152,16:56,10,15,0,0,,,,
Jacob Middleton,23,SJS,D,3,0,1,1,-1,2,0,0,0,0,1,0,0,0,,30,9:56,2,1,0,0,,,,
Sonny Milano,22,CBJ,LW,8,1,0,1,0,0,1,0,0,0,0,0,0,5,20,67,8:19,0,5,0,0,,,,
Colin Miller,26,VEG,D,65,3,26,29,0,44,2,1,0,0,14,12,0,131,2.3,1277,19:39,64,122,0,0,,,,
J.T. Miller,25,TBL,C,75,13,34,47,8,30,9,4,0,4,18,16,0,108,12,1100,14:40,23,115,259,265,49.4,,,
Kevan Miller,31,BOS,D,39,0,7,7,8,35,0,0,0,0,7,0,0,32,0,692,17:45,79,73,0,0,,,,
Casey Mittelstadt,20,BUF,C,77,12,13,25,-19,10,9,3,0,1,6,7,0,118,10.2,1036,13:27,16,30,213,323,39.7,,,
Sean Monahan,24,CGY,C,78,34,48,82,7,12,22,12,0,5,37,11,0,211,16.1,1486,19:03,24,36,454,434,51.1,,,
Brandon Montour,24,TOT,D,82,8,27,35,-20,56,7,1,0,2,22,5,0,181,4.4,1841,22:27,121,99,0,0,,,,
John Moore,28,BOS,D,61,4,9,13,0,26,2,2,0,1,8,1,0,97,4.1,1145,18:46,76,77,0,0,,,,
Trevor Moore,23,TOR,LW,25,2,6,8,1,2,2,0,0,0,6,0,0,26,7.7,227,9:06,7,15,0,0,,,,
Samuel Morin,23,PHI,D,5,0,0,0,-3,4,0,0,0,0,0,0,0,5,0,62,12:22,7,9,0,0,,,,
Josh Morrissey,23,WPG,D,59,6,25,31,9,14,2,3,1,2,17,7,1,95,6.3,1322,22:24,107,55,0,0,,,,
Joseph Morrow,26,WPG,D,41,1,6,7,0,20,1,0,0,0,6,0,0,40,2.5,572,13:58,37,37,0,0,,,,
Tyler Motte,23,VAN,C,74,9,7,16,-12,10,7,0,2,1,7,0,0,114,7.9,945,12:46,52,200,15,33,31.3,,,
Mirco Mueller,23,NJD,D,53,1,10,11,-3,17,1,0,0,0,10,0,0,39,2.6,958,18:04,61,75,0,0,,,,
Connor Murphy,25,CHI,D,52,5,8,13,12,40,5,0,0,1,8,0,0,84,6,1013,19:29,91,119,0,0,,,,
Ryan Murphy,25,TOT,D,3,0,1,1,1,0,0,0,0,0,0,1,0,1,0,34,11:10,3,1,0,0,,,,
Ryan Murray,25,CBJ,D,56,1,28,29,20,10,1,0,0,0,27,1,0,71,1.4,1201,21:26,93,27,0,0,,,,
Jake Muzzin,29,TOT,D,80,9,28,37,21,47,8,1,0,1,23,4,1,141,6.4,1707,21:20,134,172,0,0,,,,
Philippe Myers,22,PHI,D,21,1,1,2,-5,2,1,0,0,0,1,0,0,25,4,323,15:22,8,42,0,0,,,,
Tyler Myers,28,WPG,D,80,9,22,31,11,63,8,0,1,3,14,7,1,156,5.8,1628,20:21,99,97,0,0,,,,
Vladislav Namestnikov,26,NYR,C,78,11,20,31,-7,44,8,1,2,3,15,2,3,119,9.2,1232,15:48,62,140,22,32,40.7,,,
Riley Nash,29,CBJ,C,78,3,9,12,-8,19,3,0,0,1,9,0,0,79,3.8,846,10:50,43,72,150,183,45,,,
James Neal,31,CGY,LW,63,7,12,19,-5,28,5,2,0,1,8,4,0,141,5,942,14:57,19,46,5,6,45.5,,,
Martin Necas,20,CAR,C,7,1,1,2,0,2,1,0,0,0,1,0,0,6,16.7,70,10:01,2,3,16,28,36.4,,,
Brock Nelson,27,NYI,C,82,25,28,53,20,28,22,2,1,3,22,6,0,181,13.8,1474,17:58,55,51,594,652,47.7,,,
Casey Nelson,26,BUF,D,38,1,5,6,1,13,1,0,0,0,5,0,0,37,2.7,586,15:25,36,44,0,0,,,,
Patrik Nemeth,26,COL,D,74,1,9,10,5,53,1,0,0,0,8,0,1,57,1.8,1220,16:29,131,137,1,0,100,,,
Valeri Nichushkin,23,DAL,RW,57,0,10,10,-4,0,0,0,0,0,10,0,0,65,0,679,11:55,32,71,3,3,50,,,
Nino Niederreiter,26,TOT,RW,82,23,30,53,-4,30,17,6,0,3,21,9,0,184,12.5,1330,16:14,20,94,37,30,55.2,,,
Frans Nielsen,34,DET,C,72,10,25,35,-7,14,10,0,0,4,16,8,1,120,8.3,1201,16:41,44,79,450,473,48.8,,,
Matthew Nieto,26,COL,LW,64,4,19,23,2,8,3,0,1,1,17,0,2,86,4.7,881,13:46,26,50,9,8,52.9,,,
Boo Nieves,25,NYR,C,43,4,6,10,-4,8,4,0,0,1,6,0,0,34,11.8,415,9:39,18,33,88,139,38.8,,,
Sami Niku,22,WPG,D,30,1,3,4,0,2,1,0,0,0,3,0,0,19,5.3,418,13:55,30,10,0,0,,,,
Jacob Nilsson,25,CHI,C,2,0,0,0,-2,0,0,0,0,0,0,0,0,0,,16,7:52,1,1,3,5,37.5,,,
Matt Niskanen,32,WSH,D,80,8,17,25,-3,41,7,1,0,1,15,1,1,143,5.6,1755,21:56,137,167,0,0,,,,
Stefan Noesen,25,NJD,RW,41,3,5,8,-19,28,3,0,0,0,5,0,0,64,4.7,522,12:44,21,95,23,33,41.1,,,
Nelson Nogier,22,WPG,D,1,0,0,0,0,0,0,0,0,0,0,0,0,1,0,10,10:06,1,0,0,0,,,,
Jordan Nolan,29,STL,C,14,0,2,2,2,14,0,0,0,0,2,0,0,17,0,111,7:56,4,22,0,1,0,,,
Joakim Nordstrom,26,BOS,C,70,7,5,12,0,13,7,0,0,3,5,0,0,103,6.8,944,13:29,52,86,48,77,38.4,,,
Tomas Nosek,26,VEG,C,68,8,9,17,-10,18,7,0,1,1,9,0,0,116,6.9,848,12:28,23,75,82,50,62.1,,,
Ryan Nugent-Hopkins,25,EDM,C,82,28,41,69,-13,26,19,8,1,3,21,18,2,208,13.5,1648,20:06,40,69,379,461,45.1,,,
Darnell Nurse,23,EDM,D,82,10,31,41,-5,87,9,1,0,1,22,8,1,196,5.1,1953,23:49,146,162,0,0,,,,
Markus Nutivaara,24,CBJ,D,80,5,16,21,3,6,5,0,0,1,16,0,0,99,5.1,1414,17:41,61,80,0,0,,,,
Alexander Nylander,20,BUF,LW,12,2,2,4,-4,4,1,1,0,0,2,0,0,16,12.5,146,12:12,1,1,2,1,66.7,,,
William Nylander,22,TOR,C,54,7,20,27,-4,16,6,1,0,0,15,5,0,130,5.4,838,15:31,14,16,203,165,55.2,,,
Gustav Nyquist,29,TOT,RW,81,22,38,60,1,12,20,2,0,3,28,10,0,204,10.8,1419,17:31,23,36,11,11,50,,,
Logan O'Connor,22,COL,RW,5,0,0,0,-2,0,0,0,0,0,0,0,0,1,0,34,6:49,1,4,0,3,0,,,
Danny O'Regan,25,BUF,C,1,0,0,0,0,0,0,0,0,0,0,0,0,2,0,12,11:56,0,0,1,0,100,,,
Ryan O'Reilly,27,STL,C,82,28,49,77,22,12,21,6,1,5,31,16,2,234,12,1702,20:46,36,31,1086,824,56.9,,,
Jordan Oesterle,26,ARI,D,71,6,14,20,-3,12,3,3,0,0,10,4,0,77,7.8,1342,18:54,139,58,0,0,,,,
Kyle Okposo,30,BUF,RW,78,14,15,29,-9,41,7,7,0,2,11,4,0,147,9.5,1075,13:47,27,87,63,71,47,,,
Jamie Oleksiak,26,TOT,D,57,4,8,12,5,45,4,0,0,0,8,0,0,55,7.3,840,14:44,59,135,0,0,,,,
Victor Olofsson,23,BUF,RW,6,2,2,4,1,2,0,2,0,0,2,0,0,21,9.5,108,18:01,3,2,0,0,,,,
Dmitry Orlov,27,WSH,D,82,3,26,29,3,33,3,0,0,0,25,1,0,101,3,1774,21:38,103,137,0,0,,,,
Brooks Orpik,38,WSH,D,53,2,7,9,8,32,2,0,0,0,7,0,0,43,4.7,830,15:40,78,131,0,0,,,,
T.J. Oshie,32,WSH,C,69,25,29,54,5,36,18,6,1,4,21,8,0,143,17.5,1284,18:37,55,133,84,121,41,,,
Xavier Ouellet,25,MTL,D,19,0,3,3,-3,13,0,0,0,0,3,0,0,32,0,323,17:01,30,32,0,0,,,,
Alex Ovechkin,33,WSH,LW,81,51,38,89,7,40,33,18,0,5,28,10,0,338,15.1,1695,20:55,41,223,1,4,20,,,
Igor Ozhiganov,26,TOR,D,53,3,4,7,0,14,3,0,0,0,4,0,0,43,7,743,14:01,48,57,0,0,,,,
Magnus Paajarvi,27,OTT,LW,80,11,8,19,-14,6,10,0,1,1,7,0,1,119,9.2,1078,13:28,67,65,7,9,43.8,,,
Max Pacioretty,30,VEG,LW,66,22,18,40,-13,36,18,4,0,5,14,4,0,191,11.5,1122,17:00,20,119,21,31,40.4,,,
Jean-Gabriel Pageau,26,OTT,C,39,4,8,12,-12,14,4,0,0,0,8,0,0,83,4.8,696,17:51,38,63,259,222,53.8,,,
Ondrej Palat,27,TBL,LW,64,8,26,34,4,20,6,2,0,1,20,6,0,100,8,953,14:53,34,104,2,15,11.8,,,
Kyle Palmieri,27,NJD,RW,74,27,23,50,-9,42,16,11,0,2,16,7,0,224,12.1,1343,18:09,35,98,24,62,27.9,,,
Artemi Panarin,27,CBJ,LW,79,28,59,87,14,23,22,6,0,8,47,12,0,191,14.7,1569,19:51,17,14,1,3,25,,,
Richard Panik,27,ARI,RW,75,14,19,33,-3,44,13,0,1,2,17,2,0,140,10,1246,16:37,52,137,5,13,27.8,,,
Cedric Paquette,25,TBL,C,80,13,4,17,7,80,11,0,2,1,4,0,0,87,14.9,960,12:00,61,269,404,364,52.6,,,
Colton Parayko,25,STL,D,80,10,18,28,20,15,6,4,0,3,13,4,1,176,5.7,1823,22:47,157,127,0,0,,,,
Zach Parise,34,MIN,LW,74,28,33,61,-2,26,18,10,0,5,25,6,2,229,12.2,1381,18:40,71,49,9,25,26.5,,,
David Pastrnak,22,BOS,RW,66,38,43,81,6,32,21,17,0,4,27,16,0,235,16.2,1238,18:45,25,57,1,2,33.3,,,
Greg Pateryn,28,MIN,D,80,1,6,7,-11,41,1,0,0,0,6,0,0,100,1,1370,17:07,118,144,0,1,0,,,
Nolan Patrick,20,PHI,C,72,13,18,31,-8,27,12,1,0,3,17,1,0,115,11.3,1086,15:05,26,72,399,380,51.2,,,
Nick Paul,23,OTT,LW,20,1,1,2,-10,4,1,0,0,0,1,0,0,30,3.3,169,8:28,4,28,16,19,45.7,,,
Joe Pavelski,34,SJS,C,75,38,26,64,-4,22,25,12,1,6,17,9,0,188,20.2,1428,19:03,61,69,526,463,53.2,,,
Tanner Pearson,26,TOT,LW,80,18,9,27,-15,25,15,3,0,1,7,2,0,147,12.2,1124,14:03,41,128,5,12,29.4,,,
Matthew Peca,25,MTL,C,39,3,7,10,-14,4,3,0,0,0,6,0,1,35,8.6,410,10:31,21,33,80,89,47.3,,,
Adam Pelech,24,NYI,D,78,5,16,21,22,24,5,0,0,0,16,0,0,110,4.5,1453,18:38,116,149,0,0,,,,
Anthony Peluso,29,CGY,RW,4,0,0,0,-1,7,0,0,0,0,0,0,0,1,0,16,4:07,0,4,0,0,,,,
Brendan Perlini,22,TOT,LW,68,14,7,21,-17,28,12,2,0,0,5,2,0,117,12,789,11:36,22,51,1,6,14.3,,,
Mathieu Perreault,31,WPG,C,82,15,15,30,-1,44,11,4,0,3,12,3,0,95,15.8,1003,12:14,25,127,26,27,49.1,,,
David Perron,30,STL,LW,57,23,23,46,3,46,16,7,0,1,16,7,0,112,20.5,974,17:06,13,52,15,18,45.5,,,
Corey Perry,33,ANA,RW,31,6,4,10,-16,27,4,2,0,1,2,2,0,59,10.2,460,14:49,14,21,0,2,0,,,
Brett Pesce,24,CAR,D,73,7,22,29,35,24,7,0,0,2,20,0,2,98,7.1,1496,20:29,131,53,1,0,100,,,
Nic Petan,23,TOT,C,18,1,2,3,-5,2,1,0,0,1,2,0,0,15,6.7,137,7:38,4,2,11,13,45.8,,,
Alexander Petrovic,26,TOT,D,35,0,2,2,-15,26,0,0,0,0,2,0,0,47,0,578,16:32,53,116,0,0,,,,
Jeff Petry,31,MTL,D,82,13,33,46,-5,28,10,3,0,4,24,8,1,172,7.6,1896,23:07,123,190,0,1,0,,,
Elias Pettersson,20,VAN,C,71,28,38,66,3,12,18,10,0,7,26,12,0,144,19.4,1294,18:14,51,42,257,370,41,,,
Marcus Pettersson,22,TOT,D,84,2,23,25,17,66,1,1,0,0,18,4,1,87,2.3,1401,16:41,108,101,1,0,100,,,
Dion Phaneuf,33,LAK,D,67,1,5,6,-21,53,1,0,0,0,5,0,0,80,1.3,1005,15:00,79,128,0,0,,,,
Blake Pietila,25,NJD,LW,19,0,1,1,-7,6,0,0,0,0,1,0,0,22,0,252,13:16,8,36,36,46,43.9,,,
Alex Pietrangelo,29,STL,D,71,13,28,41,2,22,10,3,0,2,15,12,1,168,7.7,1709,24:05:00,139,62,0,1,0,,,
Lawrence Pilut,23,BUF,D,33,1,5,6,-8,20,1,0,0,0,5,0,0,37,2.7,575,17:25,33,20,0,0,,,,
Neal Pionk,23,NYR,D,73,6,20,26,-16,35,4,2,0,1,8,11,1,132,4.5,1545,21:10,98,138,0,1,0,,,
Brandon Pirri,27,VEG,C,31,12,6,18,7,6,9,3,0,3,5,1,0,82,14.6,448,14:27,13,29,15,19,44.1,,,
Rem Pitlick,21,NSH,C,1,0,0,0,0,2,0,0,0,0,0,0,0,0,,10,9:43,0,0,0,0,,,,
Tyler Pitlick,27,DAL,C,47,8,4,12,-2,6,7,1,0,1,4,0,0,75,10.7,629,13:23,27,93,5,7,41.7,,,
Tomas Plekanec,36,MTL,C,3,1,0,1,0,0,1,0,0,0,0,0,0,8,12.5,33,10:53,1,1,19,19,50,,,
Ryan Poehling,20,MTL,C,1,3,0,3,3,0,3,0,0,0,0,0,0,3,100,11,11:22,0,1,4,3,57.1,,,
Brayden Point,22,TBL,C,79,41,51,92,27,28,21,20,0,7,36,15,0,191,21.5,1495,18:55,43,31,435,421,50.8,,,
Roman Polak,32,DAL,D,77,1,8,9,6,69,1,0,0,0,8,0,0,77,1.3,1476,19:10,152,191,0,0,,,,
Jason Pominville,36,BUF,RW,73,16,15,31,-4,4,15,1,0,3,14,1,0,134,11.9,910,12:28,20,18,18,17,51.4,,,
Derrick Pouliot,25,VAN,D,62,3,9,12,-1,30,2,1,0,1,9,0,0,58,5.2,1064,17:10,71,76,0,0,,,,
Nate Prosser,32,MIN,D,15,0,0,0,1,2,0,0,0,0,0,0,0,10,0,153,10:13,13,17,0,0,,,,
Dalton Prout,28,CGY,D,20,1,1,2,1,8,1,0,0,0,1,0,0,14,7.1,262,13:07,20,36,0,0,,,,
Ivan Provorov,22,PHI,D,82,7,19,26,-16,32,7,0,0,1,17,2,0,145,4.8,2059,25:07:00,149,123,0,1,0,,,
Matt Puempel,26,DET,LW,8,1,0,1,-2,2,0,1,0,0,0,0,0,10,10,83,10:24,5,4,0,2,0,,,
Jesse Puljujarvi,20,EDM,RW,46,4,5,9,-14,16,4,0,0,0,4,1,0,53,7.5,550,11:57,26,46,2,2,50,,,
Ryan Pulock,24,NYI,D,82,9,28,37,21,22,6,3,0,3,22,6,0,180,5,1834,22:22,148,143,0,0,,,,
Tom Pyatt,31,OTT,C,37,0,2,2,-16,2,0,0,0,0,2,0,0,29,0,433,11:43,46,15,56,92,37.8,,,
Mark Pysyk,27,FLA,D,70,1,10,11,-1,26,1,0,0,0,9,0,1,64,1.6,1279,18:16,89,133,0,0,,,,
John Quenneville,22,NJD,C,19,1,0,1,-1,4,1,0,0,1,0,0,0,16,6.3,215,11:19,7,21,4,7,36.4,,,
Alan Quine,25,CGY,C,13,3,2,5,0,6,2,1,0,0,2,0,0,11,27.3,123,9:30,2,14,13,20,39.4,,,
Lukas Radil,28,SJS,C,36,7,4,11,7,6,7,0,0,2,4,0,0,40,17.5,385,10:41,9,29,6,3,66.7,,,
Alexander Radulov,32,DAL,RW,70,29,43,72,22,54,22,7,0,7,27,16,0,209,13.9,1385,19:47,83,60,6,10,37.5,,,
Brogan Rafferty,23,VAN,D,2,0,0,0,-1,0,0,0,0,0,0,0,0,3,0,27,13:21,2,0,0,0,,,,
Michael Raffl,30,PHI,LW,67,6,12,18,-1,32,5,0,1,1,12,0,0,65,9.2,765,11:25,29,96,14,20,41.2,,,
Rickard Rakell,25,ANA,RW,69,18,25,43,-13,27,12,6,0,2,18,7,0,194,9.3,1275,18:29,38,82,17,31,35.4,,,
Mikko Rantanen,22,COL,RW,74,31,56,87,13,54,15,16,0,4,39,17,0,193,16.1,1542,20:51,41,59,17,29,37,,,
Victor Rask,25,TOT,C,49,3,6,9,-4,8,3,0,0,0,4,2,0,55,5.5,593,12:06,12,40,204,226,47.4,,,
Michael Rasmussen,19,DET,C,62,8,10,18,-8,29,4,4,0,0,10,0,0,74,10.8,749,12:05,28,84,23,41,35.9,,,
Ty Rattie,25,EDM,RW,50,4,7,11,-2,4,4,0,0,1,6,1,0,84,4.8,567,11:21,7,57,1,2,33.3,,,
Kyle Rau,26,MIN,C,6,0,1,1,0,0,0,0,0,0,1,0,0,6,0,42,7:01,2,11,3,1,75,,,
Matt Read,32,MIN,RW,12,1,0,1,-2,2,1,0,0,0,0,0,0,13,7.7,141,11:45,8,11,2,4,33.3,,,
Ryan Reaves,32,VEG,RW,80,9,11,20,1,74,6,3,0,2,11,0,0,95,9.5,870,10:52,24,305,40,54,42.6,,,
Mike Reilly,25,MTL,D,57,3,8,11,0,16,2,1,0,1,8,0,0,101,3,1065,18:41,53,48,0,0,,,,
Sam Reinhart,23,BUF,C,82,22,43,65,-10,16,20,2,0,1,30,13,0,180,12.2,1555,18:57,47,38,31,56,35.6,,,
Sheldon Rempal,23,LAK,RW,7,0,0,0,-1,0,0,0,0,0,0,0,0,3,0,61,8:44,1,0,0,0,,,,
Anthony Richard,22,NSH,C,1,0,0,0,-1,0,0,0,0,0,0,0,0,0,,7,7:22,1,0,0,0,,,,
Brad Richardson,33,ARI,C,66,19,8,27,6,22,16,0,3,3,5,0,3,128,14.8,1054,15:58,55,63,577,474,54.9,,,
Tobias Rieder,26,EDM,C,67,0,11,11,-8,8,0,0,0,0,9,2,0,92,0,847,12:39,44,69,5,20,20,,,
Morgan Rielly,24,TOR,D,82,20,52,72,24,14,17,3,0,5,34,18,0,223,9,1896,23:07,114,61,0,1,0,,,
Juuso Riikola,25,PIT,D,37,2,3,5,3,10,0,2,0,1,3,0,0,43,4.7,617,16:41,38,86,0,0,,,,
Zac Rinaldo,28,NSH,C,23,1,2,3,1,20,1,0,0,1,2,0,0,11,9.1,164,7:07,8,47,1,4,20,,,
Rasmus Ristolainen,24,BUF,D,78,5,38,43,-41,38,4,1,0,2,22,16,0,182,2.7,1922,24:38:00,121,235,0,0,,,,
Brett Ritchie,25,DAL,RW,53,4,2,6,-7,57,3,1,0,2,2,0,0,57,7,509,9:36,13,126,2,7,22.2,,,
Nick Ritchie,23,ANA,LW,60,9,22,31,6,82,7,2,0,2,15,7,0,96,9.4,900,15:00,31,123,4,8,33.3,,,
Eric Robinson,23,CBJ,LW,13,0,0,0,-4,0,0,0,0,0,0,0,0,18,0,154,11:50,1,24,0,0,,,,
Jack Rodewald,24,OTT,RW,6,0,0,0,0,0,0,0,0,0,0,0,0,2,0,42,7:04,3,8,0,0,,,,
Evan Rodrigues,25,BUF,C,74,9,20,29,-7,25,7,2,0,1,15,2,3,168,5.4,1171,15:49,33,33,304,351,46.4,,,
Kevin Rooney,25,NJD,C,41,6,4,10,-4,15,5,0,1,1,4,0,0,39,15.4,517,12:37,22,77,187,192,49.3,,,
Calle Rosen,24,TOR,D,4,1,0,1,-3,0,1,0,0,0,0,0,0,5,20,67,16:42,2,1,0,0,,,,
Jack Roslovic,22,WPG,C,77,9,15,24,-2,4,4,5,0,0,13,2,0,74,12.2,750,9:45,21,32,91,118,43.5,,,
Antoine Roussel,29,VAN,LW,65,9,22,31,5,118,9,0,0,1,22,0,0,84,10.7,894,13:46,50,87,17,17,50,,,
Carter Rowney,29,ANA,RW,62,7,13,20,0,12,6,0,1,0,13,0,0,53,13.2,778,12:33,35,178,171,176,49.3,,,
Kevin Roy,25,ANA,C,3,0,0,0,-1,0,0,0,0,0,0,0,0,2,0,39,13:03,2,0,0,0,,,,
Matt Roy,23,LAK,D,25,2,4,6,-1,8,2,0,0,1,4,0,0,34,5.9,428,17:08,47,38,0,0,,,,
Nicolas Roy,21,CAR,C,6,0,0,0,0,2,0,0,0,0,0,0,0,1,0,42,6:57,1,7,21,18,53.8,,,
Chad Ruhwedel,28,PIT,D,18,1,1,2,-9,4,1,0,0,1,1,0,0,22,4.5,293,16:17,16,40,0,0,,,,
Kris Russell,31,EDM,D,72,3,13,16,5,27,3,0,0,0,12,0,1,63,4.8,1471,20:26,185,93,0,0,,,,
Patrick Russell,26,EDM,RW,6,0,0,0,0,2,0,0,0,0,0,0,0,6,0,53,8:47,2,9,0,0,,,,
Bryan Rust,26,PIT,RW,72,18,17,35,10,24,16,0,2,4,15,0,2,141,12.8,1145,15:54,59,119,8,16,33.3,,,
Jan Rutta,28,TOT,D,37,2,6,8,4,16,2,0,0,0,6,0,0,42,4.8,577,15:36,30,24,0,0,,,,
Bobby Ryan,31,OTT,LW,78,15,27,42,-29,35,8,7,0,1,18,9,0,160,9.4,1223,15:41,49,77,8,18,30.8,,,
Derek Ryan,32,CGY,C,81,13,25,38,21,24,11,2,0,1,16,5,4,103,12.6,1118,13:48,19,19,440,316,58.2,,,
Joakim Ryan,25,SJS,D,44,0,7,7,-1,15,0,0,0,0,7,0,0,35,0,562,12:46,39,43,0,0,,,,
Kerby Rychel,24,CGY,LW,2,0,0,0,-1,0,0,0,0,0,0,0,0,1,0,18,9:11,1,3,0,1,0,,,
Brandon Saad,26,CHI,LW,80,23,24,47,-9,12,15,5,3,3,23,1,0,195,11.8,1415,17:41,25,52,24,38,38.7,,,
Miikka Salomaki,25,NSH,RW,37,3,4,7,5,8,3,0,0,0,4,0,0,51,5.9,387,10:27,20,72,2,5,28.6,,,
Zach Sanford,24,STL,LW,60,8,12,20,8,21,8,0,0,2,11,1,0,77,10.4,755,12:35,37,48,8,5,61.5,,,
Travis Sanheim,22,PHI,D,82,9,26,35,-4,22,7,2,0,2,23,3,0,121,7.4,1604,19:34,133,45,0,0,,,,
Steven Santini,23,NJD,D,39,1,3,4,-6,16,1,0,0,0,3,0,0,41,2.4,650,16:39,43,80,0,0,,,,
Ashton Sautner,24,VAN,D,17,0,1,1,-2,2,0,0,0,0,1,0,0,21,0,247,14:33,17,25,0,0,,,,
David Savard,28,CBJ,D,82,8,16,24,19,36,8,0,0,1,16,0,0,124,6.5,1619,19:45,123,122,0,0,,,,
Luca Sbisa,29,NYI,D,9,0,1,1,0,4,0,0,0,0,1,0,0,5,0,139,15:28,7,17,0,0,,,,
Marco Scandella,28,BUF,D,63,6,7,13,-13,26,6,0,0,1,6,0,1,83,7.2,1109,17:37,75,53,0,0,,,,
Colton Sceviour,29,FLA,C,59,5,10,15,-2,15,5,0,0,0,9,1,0,116,4.3,725,12:18,58,89,39,71,35.5,,,
Tim Schaller,28,VAN,LW,47,3,7,10,-2,9,3,0,0,0,7,0,0,44,6.8,501,10:40,18,66,1,1,50,,,
Mark Scheifele,25,WPG,C,82,38,46,84,8,38,26,12,0,6,32,11,3,199,19.1,1793,21:52,54,54,802,933,46.2,,,
Brayden Schenn,27,STL,C,72,17,37,54,3,40,13,4,0,5,29,8,0,159,10.7,1338,18:35,31,111,323,357,47.5,,,
Luke Schenn,29,TOT,D,26,0,2,2,-10,16,0,0,0,0,2,0,0,30,0,362,13:54,39,105,0,0,,,,
Nikita Scherbak,23,LAK,RW,8,1,0,1,-4,2,1,0,0,0,0,0,0,12,8.3,81,10:11,1,9,0,0,,,,
Cameron Schilling,30,WPG,D,4,0,1,1,0,0,0,0,0,0,1,0,0,2,0,48,12:06,5,3,0,0,,,,
David Schlemko,31,MTL,D,18,0,2,2,-1,4,0,0,0,0,0,2,0,29,0,357,19:51,45,29,0,0,,,,
Jordan Schmaltz,25,STL,D,20,0,2,2,-7,2,0,0,0,0,2,0,0,11,0,230,11:29,22,10,0,0,,,,
Nick Schmaltz,22,TOT,C,40,7,18,25,-12,8,2,5,0,2,15,3,0,62,11.3,713,17:50,12,5,104,177,37,,,
Nate Schmidt,27,VEG,D,61,9,21,30,22,8,8,1,0,1,14,7,0,112,8,1339,21:57,100,37,0,0,,,,
Jimmy Schuldt,23,VEG,D,1,0,1,1,-1,0,0,0,0,0,1,0,0,1,0,21,21:03,1,0,0,0,,,,
Justin Schultz,28,PIT,D,29,2,13,15,0,4,1,1,0,0,8,5,0,47,4.3,595,20:30,41,25,0,0,,,,
Jaden Schwartz,26,STL,C,69,11,25,36,-6,16,9,2,0,1,22,3,0,183,6,1251,18:08,27,61,18,19,48.6,,,
Brent Seabrook,33,CHI,D,78,5,23,28,-6,41,3,2,0,1,14,8,1,165,3,1490,19:06,180,124,0,0,,,,
Lukas Sedlak,25,CBJ,C,47,4,2,6,-5,10,4,0,0,0,2,0,0,43,9.3,423,9:00,20,69,43,44,49.4,,,
Nick Seeler,25,MIN,D,71,2,5,7,-4,64,2,0,0,1,5,0,0,67,3,876,12:20,116,78,0,0,,,,
Tyler Seguin,27,DAL,C,82,33,47,80,17,18,24,9,0,8,29,18,0,334,9.9,1701,20:45,47,74,676,579,53.9,,,
Andrej Sekera,32,EDM,D,24,0,4,4,3,6,0,0,0,0,3,1,0,28,0,396,16:29,21,17,0,0,,,,
Brett Seney,22,NJD,LW,51,5,8,13,-14,31,5,0,0,0,7,1,0,49,10.2,527,10:20,15,48,98,162,37.7,,,
Zachary Senyshyn,21,BOS,RW,2,1,0,1,0,0,1,0,0,0,0,0,0,4,25,23,11:36,0,1,0,0,,,,
Mikhail Sergachev,20,TBL,D,75,6,26,32,12,28,6,0,0,0,20,6,0,128,4.7,1344,17:55,93,97,1,1,50,,,
Damon Severson,24,NJD,D,82,11,28,39,-27,58,8,3,0,0,18,9,1,146,7.5,1808,22:03,87,83,0,0,,,,
Kevin Shattenkirk,30,NYR,D,73,2,26,28,-15,20,1,1,0,0,20,6,0,148,1.4,1383,18:56,104,73,0,0,,,,
Andrew Shaw,27,MTL,C,63,19,28,47,17,71,16,3,0,3,25,3,0,135,14.1,1003,15:55,36,128,181,203,47.1,,,
Riley Sheahan,27,TOT,C,82,9,10,19,-9,17,8,0,1,2,9,0,1,110,8.2,1104,13:28,44,72,360,328,52.3,,,
Conor Sheary,26,BUF,LW,78,14,20,34,-18,12,10,4,0,3,18,2,0,147,9.5,1140,14:37,29,29,19,15,55.9,,,
Kiefer Sherwood,23,ANA,RW,50,6,6,12,1,8,6,0,0,1,6,0,0,60,10,569,11:22,19,79,7,9,43.8,,,
Kole Sherwood,22,CBJ,RW,2,0,0,0,0,0,0,0,0,0,0,0,0,2,0,18,9:14,1,10,0,0,,,,
Devin Shore,24,TOT,C,76,10,19,29,-12,13,6,2,2,4,16,3,0,82,12.2,1084,14:16,64,94,86,123,41.1,,,
Jonas Siegenthaler,21,WSH,D,26,0,4,4,6,10,0,0,0,0,4,0,0,12,0,368,14:09,44,31,0,0,,,,
Dylan Sikura,23,CHI,C,33,0,8,8,2,0,0,0,0,0,8,0,0,52,0,372,11:17,10,3,0,5,0,,,
Jakob Silfverberg,28,ANA,LW,73,24,19,43,-9,28,19,3,2,4,10,8,1,163,14.7,1248,17:06,43,38,19,32,37.3,,,
Radim Simek,26,SJS,D,41,1,8,9,7,8,1,0,0,1,8,0,0,41,2.4,624,15:13,34,67,0,0,,,,
Wayne Simmonds,30,TOT,RW,79,17,13,30,-16,99,12,5,0,2,10,3,0,157,10.8,1238,15:40,28,137,4,13,23.5,,,
Dominik Simon,24,PIT,C,71,8,20,28,8,18,7,1,0,0,18,2,0,121,6.6,946,13:19,19,89,6,13,31.6,,,
Colton Sissons,25,NSH,C,75,15,15,30,20,23,14,1,0,3,13,1,1,110,13.6,1203,16:03,52,109,421,372,53.1,,,
Jeff Skinner,26,BUF,C,82,40,23,63,0,36,32,8,0,7,15,8,0,268,14.9,1518,18:31,24,31,157,144,52.2,,,
Brady Skjei,24,NYR,D,78,8,17,25,-4,44,8,0,0,1,16,0,1,126,6.3,1656,21:14,119,178,1,0,100,,,
Jaccob Slavin,24,CAR,D,82,8,23,31,0,18,2,5,1,1,20,2,1,146,5.5,1889,23:02,133,70,0,1,0,,,
Brendan Smith,29,NYR,D,63,4,9,13,-7,71,4,0,0,0,8,0,1,66,6.1,964,15:18,48,100,0,1,0,,,
C.J. Smith,24,BUF,LW,11,2,0,2,0,0,2,0,0,1,0,0,0,18,11.1,117,10:39,1,4,0,0,,,,
Craig Smith,29,NSH,C,76,21,17,38,11,20,17,4,0,2,13,4,0,205,10.2,1150,15:08,33,77,26,28,48.1,,,
Gemel Smith,24,TOT,C,17,2,1,3,-4,0,2,0,0,0,1,0,0,14,14.3,142,8:22,3,13,2,2,50,,,
Reilly Smith,27,VEG,RW,74,19,34,53,13,14,14,4,1,1,21,10,3,178,10.7,1352,18:16,33,39,5,2,71.4,,,
Zack Smith,30,OTT,C,70,9,19,28,-6,81,8,0,1,1,17,0,2,101,8.9,1145,16:21,27,136,403,417,49.1,,,
Devante Smith-Pelly,26,WSH,RW,54,4,4,8,-6,15,4,0,0,0,4,0,0,60,6.7,586,10:51,36,78,16,25,39,,,
Vladimir Sobotka,31,BUF,C,69,5,8,13,-20,26,5,0,0,0,7,0,1,71,7,979,14:11,30,87,318,295,51.9,,,
Carl Soderberg,33,COL,C,82,23,26,49,-5,26,18,2,3,2,18,8,0,188,12.2,1431,17:27,67,99,528,542,49.3,,,
Marcus Sorensen,26,SJS,RW,80,17,13,30,10,23,16,0,1,1,12,0,1,100,17,1037,12:58,29,88,12,19,38.7,,,
Nikita Soshnikov,25,STL,RW,5,0,0,0,-1,0,0,0,0,0,0,0,0,1,0,36,7:10,2,5,0,0,,,,
Jason Spezza,35,DAL,C,76,8,19,27,-13,29,6,2,0,1,9,10,0,121,6.6,1009,13:16,30,16,470,337,58.2,,,
Ryan Spooner,27,TOT,C,52,3,6,9,-12,2,3,0,0,1,5,1,0,67,4.5,594,11:26,7,39,59,54,52.2,,,
Daniel Sprong,21,TOT,RW,63,14,9,23,-16,10,12,2,0,3,6,3,0,125,11.2,753,11:57,14,35,4,10,28.6,,,
Jared Spurgeon,29,MIN,D,82,14,29,43,-1,20,10,4,0,0,21,7,1,152,9.2,1980,24:09:00,145,91,1,0,100,,,
Eric Staal,34,MIN,C,81,22,30,52,-7,34,15,7,0,6,21,8,1,215,10.2,1468,18:08,28,41,642,615,51.1,,,
Jordan Staal,30,CAR,C,50,11,17,28,6,26,11,0,0,1,15,2,0,121,9.1,914,18:17,18,122,571,452,55.8,,,
Marc Staal,32,NYR,D,79,3,10,13,-9,32,3,0,0,0,10,0,0,84,3.6,1534,19:25,119,94,0,0,,,,
Drew Stafford,33,NJD,RW,57,5,8,13,-7,18,4,1,0,0,7,1,0,77,6.5,699,12:16,19,50,16,23,41,,,
Steven Stamkos,28,TBL,C,82,45,53,98,4,37,24,19,2,6,32,21,0,234,19.2,1501,18:18,40,72,506,447,53.1,,,
Paul Stastny,33,VEG,C,50,13,29,42,14,30,11,1,1,2,25,3,1,103,12.6,905,18:06,15,35,463,384,54.7,,,
Troy Stecher,24,VAN,D,78,2,21,23,9,32,1,0,1,0,19,2,0,105,1.9,1554,19:55,96,91,0,0,,,,
Sam Steel,20,ANA,C,22,6,5,11,2,8,5,0,1,0,3,2,0,33,18.2,329,14:58,6,9,108,112,49.1,,,
Alex Steen,34,STL,C,65,10,17,27,2,14,7,2,1,0,13,3,1,114,8.8,1030,15:50,50,55,11,18,37.9,,,
Lee Stempniak,35,BOS,RW,2,0,0,0,-1,0,0,0,0,0,0,0,0,0,,16,7:49,0,2,0,0,,,,
Kevin Stenlund,22,CBJ,C,4,0,0,0,0,4,0,0,0,0,0,0,0,3,0,44,10:58,1,3,3,3,50,,,
Derek Stepan,28,ARI,C,72,15,20,35,-2,14,11,1,3,3,18,2,0,195,7.7,1384,19:13,51,50,651,725,47.3,,,
Chandler Stephenson,24,WSH,C,64,5,6,11,-13,0,4,0,1,0,6,0,0,36,13.9,775,12:07,33,38,47,48,49.5,,,
Riley Stillman,20,FLA,D,1,0,0,0,0,2,0,0,0,0,0,0,0,1,0,11,11:22,0,5,0,0,,,,
Mark Stone,26,TOT,RW,77,33,40,73,17,27,26,6,1,4,26,14,0,199,16.6,1531,19:53,71,72,28,34,45.2,,,
Michael Stone,28,CGY,D,14,0,5,5,0,10,0,0,0,0,5,0,0,12,0,223,15:56,16,27,0,0,,,,
Anton Stralman,32,TBL,D,47,2,15,17,12,8,2,0,0,0,14,1,0,57,3.5,965,20:31,71,59,0,0,,,,
Ben Street,31,ANA,C,21,3,2,5,-4,2,3,0,0,0,2,0,0,19,15.8,253,12:04,9,19,16,27,37.2,,,
Dylan Strome,21,TOT,C,78,20,37,57,-8,20,14,6,0,3,27,10,0,145,13.8,1260,16:09,46,13,434,463,48.4,,,
Ryan Strome,25,TOT,C,81,19,16,35,-3,64,15,4,0,2,13,3,0,110,17.3,1261,15:34,36,76,365,402,47.6,,,
Nico Sturm,23,MIN,C,2,0,0,0,0,0,0,0,0,0,0,0,0,7,0,26,12:47,2,3,5,12,29.4,,,
P.K. Subban,29,NSH,D,63,9,22,31,5,60,6,2,1,1,14,8,0,168,5.4,1428,22:40,75,56,0,0,,,,
Libor Sulak,24,DET,D,6,0,0,0,-4,6,0,0,0,0,0,0,0,7,0,116,19:23,5,18,0,0,,,,
Oskar Sundqvist,24,STL,C,74,14,17,31,-1,22,13,0,1,2,15,1,1,113,12.4,1023,13:49,31,101,227,314,42,,,
Antti Suomela,24,SJS,C,27,3,5,8,1,4,3,0,0,0,5,0,0,42,7.1,306,11:19,11,10,102,127,44.5,,,
Andrej Sustr,28,ANA,D,5,0,0,0,0,6,0,0,0,0,0,0,0,6,0,60,12:02,7,3,0,0,,,,
Ryan Suter,34,MIN,D,82,7,40,47,-8,41,3,3,1,2,27,12,1,136,5.1,2189,26:42:00,109,78,1,0,100,,,
Brandon Sutter,29,VAN,C,26,4,2,6,-12,6,2,1,1,0,2,0,0,43,9.3,454,17:28,13,33,224,238,48.5,,,
Andrei Svechnikov,18,CAR,RW,82,20,17,37,0,62,20,0,0,3,12,5,0,189,10.6,1201,14:39,26,123,1,6,14.3,,,
Brandon Tanev,27,WPG,LW,80,14,15,29,9,41,12,0,2,0,14,0,1,127,11,1129,14:07,81,278,3,5,37.5,,,
Chris Tanev,29,VAN,D,55,2,10,12,3,18,2,0,0,0,10,0,0,51,3.9,1109,20:10,122,29,0,0,,,,
Eric Tangradi,29,NJD,C,6,0,1,1,-3,0,0,0,0,0,1,0,0,10,0,83,13:47,4,11,3,3,50,,,
Vladimir Tarasenko,27,STL,RW,76,33,35,68,8,22,21,12,0,5,25,10,0,275,12,1398,18:24,40,88,4,2,66.7,,,
Tomas Tatar,28,MTL,C,80,25,33,58,21,34,21,4,0,4,29,4,0,195,12.8,1313,16:25,30,77,10,29,25.6,,,
John Tavares,28,TOR,C,82,47,41,88,19,34,37,10,0,8,32,9,0,286,16.4,1565,19:05,53,59,833,694,54.6,,,
Matt Tennyson,28,BUF,D,4,0,0,0,-4,0,0,0,0,0,0,0,0,4,0,43,10:45,2,10,0,0,,,,
Teuvo Teravainen,24,CAR,LW,82,21,55,76,30,12,12,8,1,1,35,16,4,167,12.6,1469,17:55,23,35,18,25,41.9,,,
Troy Terry,21,ANA,C,32,4,9,13,8,2,2,2,0,0,5,4,0,25,16,446,13:57,12,4,1,4,20,,,
Josh Teves,23,VAN,D,1,0,0,0,-1,2,0,0,0,0,0,0,0,0,,14,13:40,1,4,0,0,,,,
Alexandre Texier,19,CBJ,C,2,1,0,1,3,0,1,0,0,0,0,0,0,6,16.7,26,12:46,1,2,0,1,0,,,
Shea Theodore,23,VEG,D,79,12,25,37,-4,20,8,4,0,1,19,5,1,202,5.9,1588,20:06,91,27,1,0,100,,,
Robert Thomas,19,STL,C,70,9,24,33,-2,14,6,3,0,0,20,4,0,80,11.3,915,13:04,22,13,97,123,44.1,,,
Nate Thompson,34,TOT,C,78,5,8,13,-1,17,5,0,0,0,8,0,0,71,7,1014,13:00,44,87,409,351,53.8,,,
Tage Thompson,21,BUF,C,65,7,5,12,-22,20,6,1,0,0,5,0,0,108,6.5,788,12:08,9,66,10,10,50,,,
Chris Thorburn,35,STL,RW,1,0,0,0,0,0,0,0,0,0,0,0,0,0,,2,1:52,0,1,0,0,,,,
Joe Thornton,39,SJS,C,73,16,35,51,8,20,13,3,0,4,23,12,0,90,17.8,1135,15:33,14,17,356,319,52.7,,,
Chris Tierney,24,OTT,C,81,9,39,48,-22,26,9,0,0,1,29,10,0,116,7.8,1379,17:02,54,30,531,512,50.9,,,
Brady Tkachuk,19,OTT,LW,71,22,23,45,-10,75,18,4,0,3,17,6,0,214,10.3,1138,16:01,26,174,73,76,49,,,
Matthew Tkachuk,21,CGY,LW,80,34,43,77,14,62,23,11,0,2,30,13,0,207,16.4,1408,17:36,13,104,6,7,46.2,,,
Devon Toews,24,NYI,D,48,5,13,18,7,4,4,1,0,2,10,3,0,81,6.2,859,17:54,30,24,0,1,0,,,
Jonathan Toews,30,CHI,C,82,35,46,81,2,40,25,9,1,5,32,14,0,235,14.9,1723,21:00,44,42,1059,821,56.3,,,
Tyler Toffoli,26,LAK,C,82,13,21,34,-16,23,10,3,0,3,19,2,0,226,5.8,1411,17:13,23,39,24,27,47.1,,,
Eeli Tolvanen,19,NSH,RW,4,1,1,2,2,0,1,0,0,0,0,1,0,2,50,53,13:16,2,4,0,0,,,,
Dominic Toninato,24,COL,C,2,1,0,1,0,0,1,0,0,0,0,0,0,1,100,13,6:42,1,0,0,4,0,,,
Vincent Trocheck,25,FLA,C,55,10,24,34,-9,54,6,3,1,1,14,10,0,158,6.3,1081,19:40,42,112,498,463,51.8,,,
Zach Trotman,28,PIT,D,13,0,1,1,4,4,0,0,0,0,0,1,0,16,0,198,15:16,18,20,0,0,,,,
Jacob Trouba,24,WPG,D,82,8,42,50,8,58,4,3,1,1,25,15,2,162,4.9,1876,22:53,171,112,0,0,,,,
Alex Tuch,22,VEG,RW,74,20,32,52,13,8,17,3,0,6,29,3,0,180,11.1,1238,16:44,40,92,43,69,38.4,,,
Dominic Turgeon,22,DET,C,4,0,0,0,-3,0,0,0,0,0,0,0,0,2,0,50,12:35,3,3,8,13,38.1,,,
Kyle Turris,29,NSH,C,55,7,16,23,-6,33,3,4,0,1,14,2,0,78,9,863,15:42,15,24,281,272,50.8,,,
Urho Vaakanainen,20,BOS,D,2,0,0,0,-1,0,0,0,0,0,0,0,0,2,0,18,9:06,0,0,0,0,,,,
Juuso Valimaki,20,CGY,D,24,1,2,3,-2,12,1,0,0,1,2,0,0,28,3.6,372,15:29,43,21,0,0,,,,
James van Riemsdyk,29,PHI,LW,66,27,21,48,-10,18,19,8,0,4,16,5,0,167,16.2,1096,16:36,16,34,6,5,54.5,,,
Trevor van Riemsdyk,27,CAR,D,78,3,11,14,-4,10,3,0,0,1,11,0,0,102,2.9,1175,15:04,84,42,0,0,,,,
Thomas Vanek,35,DET,LW,64,16,20,36,-12,26,12,4,0,1,13,7,0,108,14.8,903,14:07,13,38,7,18,28,,,
Phil Varone,28,PHI,C,47,3,4,7,-2,8,3,0,0,0,4,0,0,34,8.8,372,7:55,19,23,81,82,49.7,,,
Sami Vatanen,27,NJD,D,50,4,13,17,-17,22,1,3,0,0,11,2,0,107,3.7,1086,21:44,77,68,0,0,,,,
Frank Vatrano,24,FLA,LW,81,24,15,39,-10,38,22,2,0,1,9,6,0,208,11.5,1188,14:40,74,139,15,23,39.5,,,
Max Veronneau,23,OTT,RW,12,2,2,4,-5,0,1,1,0,0,2,0,0,15,13.3,150,12:31,5,0,0,0,,,,
Kristian Vesalainen,19,WPG,W,5,0,1,1,0,0,0,0,0,0,1,0,0,1,0,34,6:50,1,1,0,0,,,,
Jimmy Vesey,25,NYR,LW,81,17,18,35,-6,21,16,1,0,4,15,3,0,154,11,1301,16:03,34,79,8,24,25,,,
Jake Virtanen,22,VAN,RW,70,15,10,25,-4,44,13,2,0,1,10,0,0,154,9.7,1037,14:49,37,154,5,10,33.3,,,
Marc-Edouard Vlasic,31,SJS,D,72,3,22,25,-6,10,3,0,0,0,21,1,0,100,3,1515,21:03,114,23,0,0,,,,
Jakub Voracek,29,PHI,RW,78,20,46,66,-16,25,16,4,0,2,32,14,0,210,9.5,1456,18:40,29,17,12,18,40,,,
Mikhail Vorobyev,22,PHI,C,15,1,1,2,0,2,1,0,0,0,1,0,0,10,10,140,9:20,4,4,25,46,35.2,,,
Jakub Vrana,22,WSH,LW,82,24,23,47,20,27,23,1,0,4,20,3,0,161,14.9,1151,14:02,32,47,4,6,40,,,
Austin Wagner,21,LAK,LW,62,12,9,21,2,16,12,0,0,0,9,0,0,67,17.9,554,8:56,9,142,2,4,33.3,,,
Chris Wagner,27,BOS,C,76,12,7,19,3,51,12,0,0,1,7,0,0,135,8.9,1022,13:27,38,247,54,66,45,,,
Nathan Walker,24,WSH,C,3,0,1,1,1,2,0,0,0,0,1,0,0,2,0,24,8:09,0,5,0,0,,,,
Sean Walker,24,LAK,D,39,3,7,10,-8,8,2,1,0,0,7,0,0,55,5.5,602,15:26,40,43,0,0,,,,
Lucas Wallmark,23,CAR,C,81,10,18,28,-8,36,8,2,0,4,13,5,0,131,7.6,1198,14:48,39,82,575,554,50.9,,,
Austin Watson,27,NSH,LW,37,7,9,16,11,39,6,1,0,1,9,0,0,64,10.9,536,14:30,28,109,7,9,43.8,,,
Jordan Weal,26,TOT,C,63,8,13,21,-8,18,6,2,0,1,9,4,0,75,10.7,848,13:28,26,28,333,266,55.6,,,
Shea Weber,33,MTL,D,58,14,19,33,15,28,9,5,0,3,18,1,0,166,8.4,1362,23:29,110,129,0,0,,,,
Yannick Weber,30,NSH,D,62,2,6,8,7,18,2,0,0,0,6,0,0,67,3,739,11:55,32,64,0,0,,,,
MacKenzie Weegar,25,FLA,D,64,4,11,15,-3,64,4,0,0,2,10,1,0,79,5.1,1086,16:58,103,127,1,0,100,,,
Dale Weise,30,TOT,RW,51,5,6,11,-8,19,4,0,1,1,6,0,0,58,8.6,601,11:47,21,88,6,10,37.5,,,
Andy Welinski,25,ANA,D,26,1,3,4,-5,8,1,0,0,0,3,0,0,32,3.1,417,16:02,18,47,0,0,,,,
Alexander Wennberg,24,CBJ,C,75,2,23,25,-1,12,0,1,1,0,16,5,2,64,3.1,1131,15:05,32,34,342,364,48.4,,,
Zach Werenski,21,CBJ,D,82,11,33,44,-12,18,9,2,0,1,20,13,0,168,6.5,1878,22:54,89,67,0,0,,,,
Blake Wheeler,32,WPG,RW,82,20,71,91,0,60,16,2,2,3,39,31,1,231,8.7,1698,20:43,53,81,31,57,35.2,,,
Colin White,22,OTT,C,71,14,27,41,-24,24,9,5,0,2,24,3,0,123,11.4,1150,16:12,35,23,379,420,47.4,,,
Colton White,21,NJD,D,3,0,0,0,-2,2,0,0,0,0,0,0,0,1,0,43,14:14,2,2,0,0,,,,
Chris Wideman,29,TOT,D,25,2,5,7,-12,18,2,0,0,1,4,1,0,27,7.4,326,13:03,26,35,0,0,,,,
Justin Williams,37,CAR,RW,82,23,30,53,-4,44,14,9,0,5,25,5,0,237,9.7,1430,17:27,32,55,92,150,38,,,
Colin Wilson,29,COL,C,65,12,15,27,-6,8,7,5,0,2,13,2,0,104,11.5,882,13:34,31,55,20,32,38.5,,,
Garrett Wilson,27,PIT,LW,50,2,6,8,2,18,2,0,0,0,6,0,0,54,3.7,381,7:37,16,114,3,4,42.9,,,
Scott Wilson,26,BUF,C,15,0,3,3,-8,4,0,0,0,0,3,0,0,25,0,172,11:27,2,29,1,2,33.3,,,
Tom Wilson,24,WSH,RW,63,22,18,40,11,128,17,3,2,2,16,2,0,130,16.9,1143,18:09,52,200,29,24,54.7,,,
Luke Witkowski,28,DET,D,34,0,2,2,-5,23,0,0,0,0,2,0,0,14,0,326,9:36,27,67,0,0,,,,
Christian Wolanin,23,OTT,D,30,4,8,12,3,6,4,0,0,1,5,3,0,36,11.1,520,17:20,31,11,0,0,,,,
Miles Wood,23,NJD,LW,63,10,14,24,-10,91,9,1,0,1,12,2,0,159,6.3,863,13:42,27,97,0,2,0,,,
Egor Yakovlev,27,NJD,D,25,2,5,7,-6,6,2,0,0,0,5,0,0,24,8.3,392,15:40,22,12,0,0,,,,
Kailer Yamamoto,20,EDM,RW,17,1,1,2,-6,2,1,0,0,0,0,1,0,13,7.7,222,13:04,11,18,0,0,,,,
Keith Yandle,32,FLA,D,82,9,53,62,-17,50,2,7,0,2,21,32,0,199,4.5,1840,22:27,76,47,0,0,,,,
Pavel Zacha,21,NJD,C,61,13,12,25,-6,15,7,4,2,2,9,2,1,99,13.1,981,16:05,24,68,348,364,48.9,,,
Filip Zadina,19,DET,RW,9,1,2,3,-5,0,0,1,0,0,1,1,0,18,5.6,138,15:23,3,6,3,3,50,,,
Nikita Zadorov,23,COL,D,70,7,7,14,19,75,7,0,0,0,7,0,0,100,7,1204,17:12,67,228,0,0,,,,
Nikita Zaitsev,27,TOR,D,81,3,11,14,2,18,3,0,0,0,11,0,0,71,4.2,1658,20:28,151,139,0,0,,,,
Travis Zajac,33,NJD,C,80,19,27,46,-25,20,12,5,2,3,20,7,0,120,15.8,1542,19:16,38,66,841,605,58.2,,,
Jakub Zboril,21,BOS,D,2,0,0,0,0,0,0,0,0,0,0,0,0,1,0,22,10:56,0,3,0,0,,,,
Mika Zibanejad,25,NYR,C,82,30,44,74,-12,47,17,11,2,5,32,12,0,236,12.7,1686,20:34,66,134,830,842,49.6,,,
Mats Zuccarello,31,TOT,LW,48,12,28,40,-8,24,9,3,0,1,16,12,0,104,11.5,953,19:51,43,57,10,20,33.3,,,
Jason Zucker,27,MIN,LW,81,21,21,42,-9,28,14,7,0,5,14,7,0,214,9.8,1383,17:05,38,87,2,11,15.4,,,
Valentin Zykov,23,TOT,LW,28,2,3,5,-5,2,2,0,0,0,1,2,0,29,6.9,279,9:57,6,26,2,7,22.2,,,
